id,gender,field,university,course,x,y,z
1,Женский,Гуманитарные науки,МАИ,1 курс,-1.0,0.5,7.5
2,Женский,Точные науки,МАИ,1 курс,-3.0,-3.5,6.5
3,Женский,Точные науки,МАИ,1 курс,-1.5,-2.5,8.0
4,Женский,Точные науки,МАИ,6 курс,-1.0,-3.5,6.0
5,Женский,Точные науки,МАИ,1 курс,-4.0,-1.0,4.0
6,Женский,Гуманитарные науки,МАИ,1 курс,-1.5,-1.5,4.5
7,Женский,Точные науки,МАИ,4 курс,-2.0,4.0,6.5
8,Женский,Точные науки,МАИ,3 курс,-0.5,2.5,6.0
9,Женский,Точные науки,МАИ,1 курс,3.0,2.5,6.5
10,Мужской,Точные науки,МАИ,1 курс,-1.0,-2.5,5.5
11,Мужской,Точные науки,МАИ,5 курс,-4.5,2.5,-1.0
12,Мужской,Точные науки,МАИ,1 курс,-5.5,4.5,-0.5
13,Мужской,Точные науки,МАИ,1 курс,0.5,3.5,-4.0
14,Мужской,Точные науки,МАИ,3 курс,-1.5,6.0,1.0
15,Мужской,Точные науки,МАИ,4 курс,-8.0,9.0,-1.0
16,Мужской,Точные науки,МАИ,1 курс,-2.0,5.0,-6.0
17,Мужской,Точные науки,МАИ,1 курс,0.5,3.0,3.0
18,Мужской,Точные науки,МАИ,3 курс,-2.0,1.0,1.5
19,Мужской,Точные науки,МАИ,3 курс,-7.0,6.0,-3.0
20,Мужской,Естественные науки,МАИ,1 курс,-3.0,0.0,3.0
21,Мужской,Точные науки,МАИ,5 курс,-3.0,4.5,2.5
22,Мужской,Точные науки,МАИ,5 курс,-1.5,4.0,2.5
23,Мужской,Естественные науки,МАИ,6 курс,-2.5,5.5,2.0
24,Мужской,Точные науки,МАИ,1 курс,-3.5,-4.0,9.5
25,Мужской,Точные науки,МАИ,1 курс,-7.0,1.0,-0.5
26,Мужской,Точные науки,МАИ,1 курс,0.5,6.0,-6.5
27,Мужской,Точные науки,МАИ,1 курс,-6.0,5.0,-0.5
28,Мужской,Точные науки,МАИ,1 курс,-4.5,4.5,-2.5
29,Мужской,Точные науки,МАИ,1 курс,0.0,0.0,0.0
30,Мужской,Точные науки,МАИ,1 курс,-2.0,0.5,4.5
31,Мужской,Точные науки,МАИ,1 курс,-6.0,4.0,-5.0
32,Мужской,Точные науки,МАИ,1 курс,-0.5,-2.0,6.0
33,Мужской,Точные науки,МАИ,5 курс,-3.5,5.5,-7.0
34,Мужской,Точные науки,МАИ,1 курс,0.5,0.0,6.0
35,Мужской,Естественные науки,МАИ,3 курс,-10.0,-0.5,2.5
36,Мужской,Точные науки,МАИ,1 курс,-4.5,2.0,2.5
37,Мужской,Точные науки,МАИ,3 курс,-6.5,5.0,-2.0
38,Мужской,Точные науки,МАИ,3 курс,4.5,-2.0,4.0
39,Мужской,Точные науки,МАИ,3 курс,1.0,-4.0,6.0
40,Мужской,Точные науки,МАИ,1 курс,-1.0,1.0,2.0
41,Мужской,Точные науки,МАИ,3 курс,1.5,3.5,3.5
42,Мужской,Точные науки,МАИ,1 курс,-4.5,9.5,-2.0
43,Мужской,Точные науки,МАИ,3 курс,-1.0,-5.5,9.0
44,Мужской,Точные науки,МАИ,1 курс,-10.0,4.0,1.0
45,Мужской,Точные науки,МАИ,3 курс,0.0,0.5,3.0
46,Мужской,Точные науки,МАИ,1 курс,0.0,0.0,0.0
47,Мужской,Точные науки,МАИ,1 курс,-9.5,8.0,-1.5
48,Мужской,Точные науки,МАИ,1 курс,0.0,0.0,0.0
49,Мужской,Точные науки,МАИ,4 курс,-5.0,-0.5,1.0
50,Мужской,Естественные науки,МАИ,1 курс,-7.5,0.0,3.5
51,Мужской,Точные науки,МАИ,2 курс,-0.5,-2.5,5.5
52,Мужской,Точные науки,МАИ,1 курс,-4.0,0.5,2.0
53,Мужской,Точные науки,МАИ,1 курс,-0.5,4.0,5.0
54,Мужской,Точные науки,МАИ,1 курс,-5.0,-0.5,3.5
55,Мужской,Гуманитарные науки,МАИ,1 курс,-3.0,-2.5,0.5
56,Мужской,Точные науки,МАИ,6 курс,-6.0,7.0,-2.5
57,Мужской,Точные науки,МАИ,5 курс,-5.5,0.5,7.0
58,Мужской,Гуманитарные науки,МАИ,1 курс,-3.0,-4.5,2.5
59,Мужской,Точные науки,МАИ,1 курс,-4.0,5.5,2.0
60,Мужской,Точные науки,МАИ,1 курс,-6.0,0.0,2.5
61,Мужской,Точные науки,МАИ,5 курс,3.5,3.5,-1.5
62,Мужской,Точные науки,МАИ,1 курс,-4.0,0.5,1.5
63,Мужской,Точные науки,МАИ,6 курс,-0.5,-8.5,6.5
64,Мужской,Точные науки,МАИ,2 курс,-4.0,3.0,3.0
65,Мужской,Точные науки,МАИ,2 курс,0.0,-5.5,5.0
66,Мужской,Точные науки,МАИ,2 курс,0.5,-6.0,4.5
67,Женский,Социальные науки,МГИМО,2 курс,2.0,0.0,3.0
68,Женский,Социальные науки,МГИМО,1 курс,-0.5,0.5,4.0
69,Женский,Гуманитарные науки,МГИМО,1 курс,2.5,-3.5,4.5
70,Женский,Социальные науки,МГИМО,1 курс,0.5,-2.5,7.0
71,Женский,Гуманитарные науки,МГИМО,1 курс,0.0,-1.0,-1.5
72,Мужской,Гуманитарные науки,МГИМО,2 курс,1.5,-1.5,5.5
73,Мужской,Точные науки,МГИМО,1 курс,0.0,4.0,-8.0
74,Мужской,Социальные науки,МГИМО,2 курс,5.0,-5.5,6.0
75,Мужской,Социальные науки,МГИМО,6 курс,-2.0,1.0,7.0
76,Мужской,Гуманитарные науки,МГИМО,1 курс,3.0,-1.5,1.0
77,Женский,Точные науки,МГТУ им. Н. Э. Баумана,6 курс,2.0,7.5,-0.5
78,Женский,Точные науки,МГТУ им. Н. Э. Баумана,1 курс,-3.0,1.5,4.5
79,Женский,Гуманитарные науки,МГТУ им. Н. Э. Баумана,1 курс,-1.5,-1.5,3.5
80,Женский,Гуманитарные науки,МГТУ им. Н. Э. Баумана,1 курс,-1.0,0.5,5.0
81,Женский,Естественные науки,МГТУ им. Н. Э. Баумана,6 курс,-4.0,-4.0,8.5
82,Женский,Точные науки,МГТУ им. Н. Э. Баумана,2 курс,0.0,0.0,9.5
83,Мужской,Точные науки,МГТУ им. Н. Э. Баумана,6 курс,1.5,5.5,0.5
84,Мужской,Точные науки,МГТУ им. Н. Э. Баумана,1 курс,0.5,4.5,0.0
85,Мужской,Точные науки,МГТУ им. Н. Э. Баумана,1 курс,-4.5,1.5,4.0
86,Мужской,Точные науки,МГТУ им. Н. Э. Баумана,1 курс,-10.0,-6.5,8.0
87,Мужской,Точные науки,МГТУ им. Н. Э. Баумана,1 курс,0.0,9.0,1.0
88,Мужской,Естественные науки,МГТУ им. Н. Э. Баумана,1 курс,2.0,3.0,-3.0
89,Мужской,Точные науки,МГТУ им. Н. Э. Баумана,1 курс,-1.0,1.5,1.0
90,Мужской,Гуманитарные науки,МГТУ им. Н. Э. Баумана,1 курс,-2.0,10.0,-8.0
91,Мужской,Точные науки,МГТУ им. Н. Э. Баумана,1 курс,-4.0,9.0,3.5
92,Мужской,Точные науки,МГТУ им. Н. Э. Баумана,2 курс,-4.5,4.0,1.5
93,Мужской,Социальные науки,МГТУ им. Н. Э. Баумана,1 курс,0.5,-3.0,3.0
94,Мужской,Точные науки,МГТУ им. Н. Э. Баумана,2 курс,2.5,7.0,-8.0
95,Мужской,Социальные науки,МГТУ им. Н. Э. Баумана,1 курс,-5.0,7.5,1.0
96,Мужской,Гуманитарные науки,МГТУ им. Н. Э. Баумана,1 курс,-4.0,2.0,6.0
97,Мужской,Точные науки,МГТУ им. Н. Э. Баумана,1 курс,-1.0,0.5,5.0
98,Мужской,Точные науки,МГТУ им. Н. Э. Баумана,1 курс,0.5,-0.5,2.5
99,Мужской,Точные науки,МГТУ им. Н. Э. Баумана,1 курс,0.0,6.0,-3.5
100,Мужской,Точные науки,МГТУ им. Н. Э. Баумана,4 курс,-1.0,7.0,-6.0
101,Мужской,Точные науки,МГТУ им. Н. Э. Баумана,2 курс,1.5,-5.5,9.5
102,Мужской,Точные науки,МГТУ им. Н. Э. Баумана,6 курс,-3.0,-1.0,5.0
103,Мужской,Точные науки,МГТУ им. Н. Э. Баумана,3 курс,-0.5,2.5,1.0
104,Мужской,Точные науки,МГТУ им. Н. Э. Баумана,4 курс,-2.5,-0.5,1.5
105,Женский,Естественные науки,МГУ им. М.В.Ломоносова,1 курс,-0.5,0.5,8.0
106,Женский,Социальные науки,МГУ им. М.В.Ломоносова,1 курс,-1.0,0.0,1.0
107,Женский,Точные науки,МГУ им. М.В.Ломоносова,1 курс,-3.5,-9.0,7.0
108,Женский,Точные науки,МГУ им. М.В.Ломоносова,1 курс,-0.5,-1.0,6.0
109,Женский,Точные науки,МГУ им. М.В.Ломоносова,1 курс,-6.0,-1.5,0.5
110,Женский,Точные науки,МГУ им. М.В.Ломоносова,1 курс,-3.0,2.0,5.5
111,Женский,Точные науки,МГУ им. М.В.Ломоносова,1 курс,-0.5,0.0,0.0
112,Женский,Точные науки,МГУ им. М.В.Ломоносова,1 курс,0.0,-2.5,9.0
113,Женский,Гуманитарные науки,МГУ им. М.В.Ломоносова,1 курс,-2.5,-0.5,2.5
114,Женский,Точные науки,МГУ им. М.В.Ломоносова,3 курс,5.0,1.5,7.5
115,Женский,Гуманитарные науки,МГУ им. М.В.Ломоносова,4 курс,-3.5,0.0,7.0
116,Женский,Гуманитарные науки,МГУ им. М.В.Ломоносова,1 курс,-3.5,0.0,6.5
117,Женский,Гуманитарные науки,МГУ им. М.В.Ломоносова,1 курс,-3.5,-2.5,6.0
118,Женский,Социальные науки,МГУ им. М.В.Ломоносова,6 курс,-1.0,-4.5,6.0
119,Женский,Гуманитарные науки,МГУ им. М.В.Ломоносова,2 курс,1.0,2.0,4.5
120,Женский,Гуманитарные науки,МГУ им. М.В.Ломоносова,1 курс,-0.5,6.0,0.5
121,Женский,Гуманитарные науки,МГУ им. М.В.Ломоносова,1 курс,-4.0,-2.0,6.5
122,Женский,Естественные науки,МГУ им. М.В.Ломоносова,3 курс,0.0,3.0,5.5
123,Женский,Социальные науки,МГУ им. М.В.Ломоносова,3 курс,0.5,-3.5,6.0
124,Женский,Гуманитарные науки,МГУ им. М.В.Ломоносова,6 курс,0.5,1.5,5.0
125,Женский,Точные науки,МГУ им. М.В.Ломоносова,2 курс,7.0,-1.5,6.5
126,Женский,Естественные науки,МГУ им. М.В.Ломоносова,6 курс,-1.5,5.0,1.5
127,Женский,Гуманитарные науки,МГУ им. М.В.Ломоносова,6 курс,0.0,-5.5,9.0
128,Женский,Естественные науки,МГУ им. М.В.Ломоносова,6 курс,-1.0,-5.0,5.5
129,Женский,Точные науки,МГУ им. М.В.Ломоносова,2 курс,3.0,-0.5,7.5
130,Женский,Точные науки,МГУ им. М.В.Ломоносова,1 курс,-7.5,-2.5,5.0
131,Женский,Естественные науки,МГУ им. М.В.Ломоносова,4 курс,-6.5,0.5,6.5
132,Женский,Естественные науки,МГУ им. М.В.Ломоносова,4 курс,-1.0,-0.5,2.5
133,Женский,Естественные науки,МГУ им. М.В.Ломоносова,6 курс,1.5,-3.0,-3.5
134,Женский,Точные науки,МГУ им. М.В.Ломоносова,4 курс,0.0,-1.0,6.5
135,Женский,Точные науки,МГУ им. М.В.Ломоносова,4 курс,-3.0,1.5,2.5
136,Женский,Гуманитарные науки,МГУ им. М.В.Ломоносова,6 курс,-0.5,0.5,4.0
137,Женский,Естественные науки,МГУ им. М.В.Ломоносова,6 курс,1.0,-0.5,7.5
138,Женский,Точные науки,МГУ им. М.В.Ломоносова,5 курс,-2.5,-3.0,9.0
139,Мужской,Естественные науки,МГУ им. М.В.Ломоносова,1 курс,-2.5,1.0,5.5
140,Мужской,Гуманитарные науки,МГУ им. М.В.Ломоносова,2 курс,-1.0,-0.5,2.5
141,Мужской,Точные науки,МГУ им. М.В.Ломоносова,1 курс,-2.0,8.0,-10.0
142,Мужской,Точные науки,МГУ им. М.В.Ломоносова,1 курс,0.0,-6.0,5.0
143,Мужской,Точные науки,МГУ им. М.В.Ломоносова,4 курс,3.5,4.0,-5.0
144,Мужской,Точные науки,МГУ им. М.В.Ломоносова,2 курс,4.0,-6.0,2.0
145,Мужской,Точные науки,МГУ им. М.В.Ломоносова,1 курс,-3.5,-6.0,3.5
146,Мужской,Точные науки,МГУ им. М.В.Ломоносова,1 курс,-7.0,-0.5,5.0
147,Мужской,Точные науки,МГУ им. М.В.Ломоносова,1 курс,1.5,-3.0,3.5
148,Мужской,Точные науки,МГУ им. М.В.Ломоносова,1 курс,-2.5,-2.0,7.5
149,Мужской,Точные науки,МГУ им. М.В.Ломоносова,1 курс,-4.5,3.5,0.5
150,Мужской,Точные науки,МГУ им. М.В.Ломоносова,2 курс,-3.5,2.0,-2.5
151,Мужской,Точные науки,МГУ им. М.В.Ломоносова,1 курс,-4.5,0.5,4.5
152,Мужской,Точные науки,МГУ им. М.В.Ломоносова,1 курс,-3.5,0.0,6.0
153,Мужской,Естественные науки,МГУ им. М.В.Ломоносова,1 курс,6.0,-0.5,3.0
154,Мужской,Точные науки,МГУ им. М.В.Ломоносова,1 курс,1.0,3.5,4.5
155,Мужской,Естественные науки,МГУ им. М.В.Ломоносова,1 курс,-0.5,7.5,5.5
156,Мужской,Гуманитарные науки,МГУ им. М.В.Ломоносова,4 курс,-1.0,5.0,1.0
157,Мужской,Точные науки,МГУ им. М.В.Ломоносова,1 курс,-3.5,-1.5,7.0
158,Мужской,Точные науки,МГУ им. М.В.Ломоносова,4 курс,2.5,-1.0,-0.5
159,Мужской,Точные науки,МГУ им. М.В.Ломоносова,1 курс,-3.0,7.0,-4.0
160,Мужской,Точные науки,МГУ им. М.В.Ломоносова,2 курс,-3.5,6.5,2.5
161,Мужской,Точные науки,МГУ им. М.В.Ломоносова,2 курс,-5.5,3.0,3.5
162,Мужской,Точные науки,МГУ им. М.В.Ломоносова,1 курс,1.0,-2.5,5.5
163,Мужской,Точные науки,МГУ им. М.В.Ломоносова,2 курс,6.0,6.0,-10.0
164,Мужской,Точные науки,МГУ им. М.В.Ломоносова,1 курс,0.5,3.0,1.5
165,Мужской,Точные науки,МГУ им. М.В.Ломоносова,1 курс,0.5,1.5,5.5
166,Мужской,Точные науки,МГУ им. М.В.Ломоносова,1 курс,1.0,-5.0,5.5
167,Мужской,Естественные науки,МГУ им. М.В.Ломоносова,1 курс,-2.0,4.0,0.5
168,Мужской,Точные науки,МГУ им. М.В.Ломоносова,1 курс,-1.5,5.0,1.0
169,Мужской,Точные науки,МГУ им. М.В.Ломоносова,1 курс,-4.5,3.5,4.0
170,Мужской,Точные науки,МГУ им. М.В.Ломоносова,5 курс,-5.5,6.5,-1.0
171,Мужской,Точные науки,МГУ им. М.В.Ломоносова,1 курс,3.0,1.0,2.5
172,Мужской,Точные науки,МГУ им. М.В.Ломоносова,1 курс,1.5,0.5,1.0
173,Мужской,Точные науки,МГУ им. М.В.Ломоносова,1 курс,-3.0,-4.0,2.5
174,Мужской,Точные науки,МГУ им. М.В.Ломоносова,1 курс,-3.0,8.0,-1.5
175,Мужской,Точные науки,МГУ им. М.В.Ломоносова,1 курс,-3.0,0.0,5.0
176,Мужской,Точные науки,МГУ им. М.В.Ломоносова,1 курс,-0.5,1.5,-1.0
177,Мужской,Точные науки,МГУ им. М.В.Ломоносова,1 курс,-1.5,1.5,5.0
178,Мужской,Точные науки,МГУ им. М.В.Ломоносова,2 курс,1.0,-2.5,5.5
179,Мужской,Точные науки,МГУ им. М.В.Ломоносова,1 курс,-2.5,0.5,8.0
180,Мужской,Точные науки,МГУ им. М.В.Ломоносова,1 курс,5.5,-8.0,7.5
181,Мужской,Точные науки,МГУ им. М.В.Ломоносова,1 курс,-7.0,4.5,3.5
182,Мужской,Точные науки,МГУ им. М.В.Ломоносова,1 курс,1.5,-5.0,3.0
183,Мужской,Точные науки,МГУ им. М.В.Ломоносова,1 курс,-3.5,0.5,3.0
184,Мужской,Точные науки,МГУ им. М.В.Ломоносова,1 курс,0.5,-2.0,2.0
185,Мужской,Точные науки,МГУ им. М.В.Ломоносова,1 курс,-6.5,4.5,1.0
186,Мужской,Точные науки,МГУ им. М.В.Ломоносова,1 курс,3.5,4.0,6.0
187,Мужской,Точные науки,МГУ им. М.В.Ломоносова,1 курс,3.5,-1.5,5.0
188,Мужской,Точные науки,МГУ им. М.В.Ломоносова,6 курс,3.5,-0.5,1.5
189,Мужской,Точные науки,МГУ им. М.В.Ломоносова,1 курс,2.0,2.5,0.5
190,Мужской,Гуманитарные науки,МГУ им. М.В.Ломоносова,4 курс,-0.5,0.5,7.0
191,Мужской,Естественные науки,МГУ им. М.В.Ломоносова,3 курс,-4.0,-1.5,4.0
192,Мужской,Точные науки,МГУ им. М.В.Ломоносова,2 курс,-2.5,-5.0,4.0
193,Мужской,Гуманитарные науки,МГУ им. М.В.Ломоносова,1 курс,-3.0,0.0,1.0
194,Мужской,Социальные науки,МГУ им. М.В.Ломоносова,3 курс,-3.5,4.5,3.0
195,Мужской,Точные науки,МГУ им. М.В.Ломоносова,2 курс,-4.0,1.0,-3.0
196,Мужской,Гуманитарные науки,МГУ им. М.В.Ломоносова,1 курс,-7.5,-10.0,3.0
197,Мужской,Гуманитарные науки,МГУ им. М.В.Ломоносова,4 курс,1.0,0.5,5.5
198,Мужской,Гуманитарные науки,МГУ им. М.В.Ломоносова,4 курс,1.5,-6.0,5.0
199,Мужской,Гуманитарные науки,МГУ им. М.В.Ломоносова,4 курс,-8.5,5.0,-7.0
200,Мужской,Социальные науки,МГУ им. М.В.Ломоносова,1 курс,-6.5,-0.5,1.0
201,Мужской,Социальные науки,МГУ им. М.В.Ломоносова,1 курс,0.5,1.5,7.0
202,Мужской,Социальные науки,МГУ им. М.В.Ломоносова,1 курс,0.5,0.5,7.0
203,Мужской,Гуманитарные науки,МГУ им. М.В.Ломоносова,5 курс,3.5,-2.5,8.0
204,Мужской,Гуманитарные науки,МГУ им. М.В.Ломоносова,1 курс,0.0,1.0,5.5
205,Мужской,Естественные науки,МГУ им. М.В.Ломоносова,6 курс,-4.0,1.0,7.0
206,Мужской,Точные науки,МГУ им. М.В.Ломоносова,1 курс,-4.5,0.0,6.0
207,Мужской,Точные науки,МГУ им. М.В.Ломоносова,3 курс,-3.0,-3.0,5.5
208,Мужской,Точные науки,МГУ им. М.В.Ломоносова,6 курс,2.5,-3.0,7.5
209,Мужской,Точные науки,МГУ им. М.В.Ломоносова,3 курс,1.5,4.0,0.5
210,Мужской,Точные науки,МГУ им. М.В.Ломоносова,1 курс,-10.0,0.0,3.5
211,Мужской,Точные науки,МГУ им. М.В.Ломоносова,1 курс,-5.0,-0.5,-2.5
212,Мужской,Естественные науки,МГУ им. М.В.Ломоносова,6 курс,2.5,-6.5,4.0
213,Мужской,Естественные науки,МГУ им. М.В.Ломоносова,4 курс,-3.5,-1.5,7.0
214,Мужской,Точные науки,МГУ им. М.В.Ломоносова,2 курс,4.0,0.0,2.5
215,Мужской,Естественные науки,МГУ им. М.В.Ломоносова,3 курс,-9.5,5.5,2.5
216,Мужской,Естественные науки,МГУ им. М.В.Ломоносова,6 курс,-3.5,5.5,3.5
217,Мужской,Точные науки,МГУ им. М.В.Ломоносова,5 курс,-1.5,-6.0,6.0
218,Мужской,Точные науки,МГУ им. М.В.Ломоносова,1 курс,-1.5,-3.0,7.5
219,Мужской,Точные науки,МГУ им. М.В.Ломоносова,1 курс,-4.5,2.0,2.5
220,Мужской,Естественные науки,МГУ им. М.В.Ломоносова,2 курс,-0.5,0.5,-2.5
221,Мужской,Точные науки,МГУ им. М.В.Ломоносова,1 курс,-3.5,3.5,1.5
222,Мужской,Естественные науки,МГУ им. М.В.Ломоносова,2 курс,0.0,7.0,-3.0
223,Мужской,Точные науки,МГУ им. М.В.Ломоносова,6 курс,-1.5,-3.0,2.5
224,Мужской,Естественные науки,МГУ им. М.В.Ломоносова,6 курс,-2.5,4.0,-7.0
225,Мужской,Точные науки,МГУ им. М.В.Ломоносова,6 курс,-4.5,0.0,-3.0
226,Мужской,Естественные науки,МГУ им. М.В.Ломоносова,6 курс,-1.0,3.0,-4.5
227,Мужской,Точные науки,МГУ им. М.В.Ломоносова,3 курс,0.5,0.0,5.0
228,Мужской,Естественные науки,МГУ им. М.В.Ломоносова,2 курс,-4.0,-3.0,8.5
229,Мужской,Точные науки,МГУ им. М.В.Ломоносова,5 курс,9.0,5.0,-7.0
230,Мужской,Естественные науки,МГУ им. М.В.Ломоносова,6 курс,-5.0,2.5,6.0
231,Мужской,Естественные науки,МГУ им. М.В.Ломоносова,2 курс,-7.0,-9.5,4.5
232,Мужской,Точные науки,МГУ им. М.В.Ломоносова,5 курс,-9.0,2.5,-0.5
233,Мужской,Точные науки,МГУ им. М.В.Ломоносова,1 курс,0.0,-3.5,4.0
234,Мужской,Естественные науки,МГУ им. М.В.Ломоносова,1 курс,-0.5,3.5,1.5
235,Мужской,Точные науки,МГУ им. М.В.Ломоносова,3 курс,6.0,-5.0,-0.5
236,Мужской,Естественные науки,МГУ им. М.В.Ломоносова,6 курс,-8.5,-1.0,0.0
237,Мужской,Естественные науки,МГУ им. М.В.Ломоносова,2 курс,0.0,-5.0,6.0
238,Мужской,Точные науки,МГУ им. М.В.Ломоносова,5 курс,1.0,0.0,4.0
239,Мужской,Естественные науки,МГУ им. М.В.Ломоносова,2 курс,1.0,1.5,-8.0
240,Мужской,Точные науки,МГУ им. М.В.Ломоносова,2 курс,5.0,-2.5,-1.0
241,Мужской,Точные науки,МГУ им. М.В.Ломоносова,6 курс,-1.5,-5.0,6.0
242,Мужской,Естественные науки,МГУ им. М.В.Ломоносова,6 курс,-1.0,-1.5,6.0
243,Мужской,Точные науки,МГУ им. М.В.Ломоносова,2 курс,-3.0,0.5,0.5
244,Мужской,Точные науки,МГУ им. М.В.Ломоносова,6 курс,-4.5,8.0,-3.0
245,Мужской,Естественные науки,МГУ им. М.В.Ломоносова,6 курс,-6.0,-3.0,7.5
246,Мужской,Естественные науки,МГУ им. М.В.Ломоносова,3 курс,2.0,-3.0,7.0
247,Мужской,Естественные науки,МГУ им. М.В.Ломоносова,1 курс,-2.5,-1.0,-0.5
248,Мужской,Естественные науки,МГУ им. М.В.Ломоносова,1 курс,-2.0,-5.0,8.5
249,Мужской,Естественные науки,МГУ им. М.В.Ломоносова,3 курс,5.5,-2.0,6.5
250,Мужской,Естественные науки,МГУ им. М.В.Ломоносова,3 курс,2.0,2.0,-2.0
251,Мужской,Точные науки,МГУ им. М.В.Ломоносова,6 курс,-1.5,2.0,3.5
252,Мужской,Естественные науки,МГУ им. М.В.Ломоносова,5 курс,-0.5,3.0,7.5
253,Мужской,Естественные науки,МГУ им. М.В.Ломоносова,4 курс,-0.5,0.0,7.0
254,Мужской,Точные науки,МГУ им. М.В.Ломоносова,5 курс,-3.5,1.5,5.0
255,Мужской,Естественные науки,МГУ им. М.В.Ломоносова,5 курс,-5.5,1.5,1.0
256,Мужской,Естественные науки,МГУ им. М.В.Ломоносова,3 курс,4.0,-4.5,5.0
257,Мужской,Естественные науки,МГУ им. М.В.Ломоносова,3 курс,-2.0,-4.0,6.5
258,Мужской,Гуманитарные науки,МГУ им. М.В.Ломоносова,1 курс,1.0,-4.0,7.5
259,Мужской,Точные науки,МГУ им. М.В.Ломоносова,1 курс,-1.5,4.0,-4.5
260,Мужской,Гуманитарные науки,МГУ им. М.В.Ломоносова,2 курс,5.5,-7.0,4.5
261,Женский,Гуманитарные науки,МИЭТ,1 курс,-6.0,0.0,2.5
262,Женский,Гуманитарные науки,МИЭТ,1 курс,-7.0,1.5,3.0
263,Женский,Гуманитарные науки,МИЭТ,5 курс,1.0,-3.0,7.5
264,Женский,Гуманитарные науки,МИЭТ,3 курс,-1.0,-4.5,9.5
265,Женский,Гуманитарные науки,МИЭТ,1 курс,-5.0,-2.0,6.5
266,Женский,Точные науки,МИЭТ,3 курс,-4.5,3.0,4.0
267,Мужской,Точные науки,МИЭТ,1 курс,0.5,6.5,-7.5
268,Мужской,Точные науки,МИЭТ,2 курс,0.0,3.5,4.5
269,Мужской,Точные науки,МИЭТ,4 курс,1.0,2.5,4.5
270,Мужской,Естественные науки,МИЭТ,5 курс,-0.5,-3.5,6.5
271,Мужской,Точные науки,МИЭТ,2 курс,-5.0,3.0,1.5
272,Мужской,Точные науки,МИЭТ,5 курс,1.5,5.0,-4.5
273,Мужской,Точные науки,МИЭТ,6 курс,1.5,1.5,0.5
274,Мужской,Точные науки,МИЭТ,3 курс,-1.0,-1.0,4.5
275,Мужской,Точные науки,МИЭТ,3 курс,-3.0,3.0,5.5
276,Мужской,Точные науки,МИЭТ,3 курс,-4.0,1.5,6.5
277,Мужской,Точные науки,МИЭТ,4 курс,1.0,-5.0,6.0
278,Мужской,Точные науки,МИЭТ,5 курс,-1.0,-7.0,9.5
279,Мужской,Точные науки,МИЭТ,4 курс,-2.0,-1.5,7.0
280,Мужской,Точные науки,МИЭТ,5 курс,-8.5,6.0,6.5
281,Мужской,Точные науки,МИЭТ,5 курс,2.5,-3.5,1.0
282,Мужской,Естественные науки,МИЭТ,4 курс,0.0,-1.5,4.5
283,Мужской,Точные науки,МИЭТ,2 курс,0.0,2.0,-0.5
284,Мужской,Точные науки,МИЭТ,1 курс,-2.0,1.5,4.5
285,Мужской,Точные науки,МИЭТ,2 курс,-7.0,7.5,2.5
286,Мужской,Естественные науки,МИЭТ,1 курс,0.5,0.0,6.5
287,Мужской,Точные науки,МИЭТ,4 курс,-1.0,0.0,2.0
288,Мужской,Точные науки,МИЭТ,4 курс,1.5,-5.0,9.0
289,Мужской,Точные науки,МИЭТ,5 курс,1.5,3.5,6.0
290,Мужской,Точные науки,МИЭТ,1 курс,-7.5,0.5,2.0
291,Мужской,Точные науки,МИЭТ,1 курс,2.0,-4.5,7.5
292,Мужской,Социальные науки,МИЭТ,1 курс,0.0,0.0,0.0
293,Мужской,Гуманитарные науки,МИЭТ,1 курс,-1.5,-6.5,8.5
294,Мужской,Точные науки,МИЭТ,2 курс,-1.0,3.5,-1.0
295,Мужской,Точные науки,МИЭТ,5 курс,1.0,1.5,4.5
296,Мужской,Точные науки,МИЭТ,5 курс,0.0,1.0,5.5
297,Мужской,Точные науки,МИЭТ,5 курс,-2.5,2.5,3.5
298,Мужской,Гуманитарные науки,МИЭТ,2 курс,-1.0,6.5,3.0
299,Мужской,Точные науки,МИЭТ,1 курс,8.0,-6.5,2.5
300,Мужской,Точные науки,МИЭТ,4 курс,-3.0,2.0,-1.5
301,Мужской,Гуманитарные науки,МИЭТ,1 курс,-5.5,-8.0,10.0
302,Мужской,Точные науки,МИЭТ,3 курс,-2.0,2.5,7.5
303,Мужской,Точные науки,МИЭТ,1 курс,0.0,0.0,4.0
304,Мужской,Точные науки,МИЭТ,2 курс,-3.5,2.0,3.0
305,Женский,Естественные науки,МФТИ,1 курс,1.5,-1.5,8.5
306,Женский,Точные науки,МФТИ,1 курс,-3.0,-2.0,8.0
307,Женский,Естественные науки,МФТИ,1 курс,2.0,-3.5,9.0
308,Женский,Естественные науки,МФТИ,1 курс,-9.0,8.0,0.5
309,Женский,Точные науки,МФТИ,1 курс,-4.0,-7.0,7.0
310,Женский,Точные науки,МФТИ,1 курс,-3.5,-7.0,6.5
311,Женский,Естественные науки,МФТИ,1 курс,-1.0,-2.5,5.0
312,Женский,Точные науки,МФТИ,1 курс,-2.0,-3.5,5.0
313,Женский,Естественные науки,МФТИ,1 курс,-2.5,-3.5,7.5
314,Женский,Социальные науки,МФТИ,3 курс,2.5,0.5,1.0
315,Женский,Точные науки,МФТИ,1 курс,-1.5,-1.5,6.5
316,Женский,Точные науки,МФТИ,1 курс,-1.0,0.0,5.0
317,Женский,Точные науки,МФТИ,1 курс,-3.0,2.0,6.5
318,Женский,Точные науки,МФТИ,6 курс,-1.0,-1.5,4.5
319,Женский,Естественные науки,МФТИ,1 курс,2.0,-1.5,6.0
320,Женский,Социальные науки,МФТИ,2 курс,-3.5,8.5,-5.0
321,Мужской,Точные науки,МФТИ,1 курс,1.0,1.0,5.0
322,Мужской,Точные науки,МФТИ,3 курс,-7.5,9.0,0.5
323,Мужской,Естественные науки,МФТИ,1 курс,4.0,-5.0,4.5
324,Мужской,Точные науки,МФТИ,1 курс,-9.0,0.5,5.5
325,Мужской,Точные науки,МФТИ,1 курс,-5.0,2.0,3.5
326,Мужской,Точные науки,МФТИ,1 курс,-0.5,-6.0,8.5
327,Мужской,Естественные науки,МФТИ,2 курс,-1.0,-1.5,2.5
328,Мужской,Точные науки,МФТИ,1 курс,2.0,4.0,5.5
329,Мужской,Точные науки,МФТИ,1 курс,2.0,-2.0,0.0
330,Мужской,Точные науки,МФТИ,1 курс,-2.0,-0.5,6.0
331,Мужской,Точные науки,МФТИ,1 курс,1.0,2.5,3.0
332,Мужской,Точные науки,МФТИ,1 курс,-3.5,4.0,-1.0
333,Мужской,Естественные науки,МФТИ,1 курс,0.5,-5.0,5.0
334,Мужской,Точные науки,МФТИ,1 курс,1.5,0.0,-0.5
335,Мужской,Естественные науки,МФТИ,1 курс,5.0,-2.0,1.5
336,Мужской,Точные науки,МФТИ,1 курс,-3.0,5.5,0.0
337,Мужской,Точные науки,МФТИ,1 курс,-2.5,2.0,-3.5
338,Мужской,Точные науки,МФТИ,1 курс,-1.5,2.5,4.5
339,Мужской,Естественные науки,МФТИ,1 курс,-1.0,-3.5,2.5
340,Мужской,Точные науки,МФТИ,1 курс,0.0,3.0,0.0
341,Мужской,Точные науки,МФТИ,1 курс,3.0,3.0,1.0
342,Мужской,Точные науки,МФТИ,1 курс,-4.0,2.0,3.0
343,Мужской,Естественные науки,МФТИ,1 курс,-2.5,5.5,3.0
344,Мужской,Точные науки,МФТИ,3 курс,2.0,-3.0,8.5
345,Мужской,Точные науки,МФТИ,1 курс,-3.5,-3.0,3.0
346,Женский,Естественные науки,НИУ ВШЭ,1 курс,-3.5,3.0,8.0
347,Женский,Точные науки,НИУ ВШЭ,1 курс,0.0,-9.0,7.5
348,Женский,Гуманитарные науки,НИУ ВШЭ,1 курс,0.0,1.5,7.0
349,Женский,Точные науки,НИУ ВШЭ,1 курс,-1.0,-6.5,3.0
350,Женский,Точные науки,НИУ ВШЭ,1 курс,-6.0,-3.0,6.5
351,Женский,Естественные науки,НИУ ВШЭ,2 курс,-1.5,-3.5,7.5
352,Женский,Точные науки,НИУ ВШЭ,1 курс,0.0,-8.5,7.5
353,Женский,Точные науки,НИУ ВШЭ,1 курс,3.5,1.5,5.5
354,Женский,Гуманитарные науки,НИУ ВШЭ,1 курс,0.5,1.5,8.5
355,Женский,Социальные науки,НИУ ВШЭ,1 курс,-4.0,3.0,1.0
356,Женский,Гуманитарные науки,НИУ ВШЭ,1 курс,3.5,-1.5,6.0
357,Женский,Точные науки,НИУ ВШЭ,1 курс,-2.5,-1.0,6.5
358,Женский,Точные науки,НИУ ВШЭ,2 курс,-0.5,-3.5,5.5
359,Женский,Гуманитарные науки,НИУ ВШЭ,1 курс,-1.5,-0.5,6.0
360,Женский,Гуманитарные науки,НИУ ВШЭ,2 курс,0.0,2.0,6.5
361,Женский,Социальные науки,НИУ ВШЭ,1 курс,0.0,-6.5,9.5
362,Женский,Гуманитарные науки,НИУ ВШЭ,2 курс,-0.5,-3.5,6.0
363,Женский,Точные науки,НИУ ВШЭ,1 курс,-1.5,3.5,2.0
364,Женский,Социальные науки,НИУ ВШЭ,2 курс,-2.5,-1.5,8.0
365,Женский,Социальные науки,НИУ ВШЭ,1 курс,0.0,-2.0,7.5
366,Женский,Точные науки,НИУ ВШЭ,2 курс,-1.0,-2.0,6.0
367,Женский,Социальные науки,НИУ ВШЭ,1 курс,0.0,0.0,3.0
368,Женский,Гуманитарные науки,НИУ ВШЭ,1 курс,-3.0,-2.0,5.0
369,Женский,Точные науки,НИУ ВШЭ,1 курс,-1.0,3.5,6.5
370,Женский,Гуманитарные науки,НИУ ВШЭ,1 курс,-4.5,3.5,3.0
371,Женский,Социальные науки,НИУ ВШЭ,1 курс,3.0,-6.5,8.0
372,Женский,Социальные науки,НИУ ВШЭ,3 курс,-0.5,-0.5,-1.5
373,Женский,Гуманитарные науки,НИУ ВШЭ,4 курс,-2.0,0.5,6.0
374,Женский,Гуманитарные науки,НИУ ВШЭ,1 курс,-3.0,8.0,3.5
375,Женский,Гуманитарные науки,НИУ ВШЭ,1 курс,-4.0,5.5,3.0
376,Женский,Гуманитарные науки,НИУ ВШЭ,4 курс,-0.5,-0.5,4.0
377,Женский,Гуманитарные науки,НИУ ВШЭ,1 курс,-3.5,-5.0,7.5
378,Женский,Гуманитарные науки,НИУ ВШЭ,2 курс,-3.5,7.5,6.5
379,Женский,Гуманитарные науки,НИУ ВШЭ,1 курс,-2.0,-2.0,6.5
380,Женский,Гуманитарные науки,НИУ ВШЭ,1 курс,-1.5,-0.5,6.0
381,Женский,Гуманитарные науки,НИУ ВШЭ,1 курс,0.0,-1.5,4.5
382,Женский,Социальные науки,НИУ ВШЭ,3 курс,-1.5,-4.5,6.5
383,Женский,Гуманитарные науки,НИУ ВШЭ,1 курс,-2.0,-4.0,5.5
384,Женский,Гуманитарные науки,НИУ ВШЭ,1 курс,0.5,-2.5,5.5
385,Женский,Гуманитарные науки,НИУ ВШЭ,1 курс,-2.0,-4.0,6.5
386,Женский,Социальные науки,НИУ ВШЭ,1 курс,-4.0,0.0,5.0
387,Женский,Точные науки,НИУ ВШЭ,1 курс,-3.5,2.5,4.0
388,Женский,Точные науки,НИУ ВШЭ,1 курс,-1.0,-1.0,8.0
389,Женский,Точные науки,НИУ ВШЭ,1 курс,4.5,-3.5,6.5
390,Женский,Гуманитарные науки,НИУ ВШЭ,1 курс,-1.5,-4.0,6.0
391,Женский,Точные науки,НИУ ВШЭ,1 курс,-2.0,1.0,8.0
392,Женский,Социальные науки,НИУ ВШЭ,1 курс,2.5,-0.5,7.5
393,Женский,Гуманитарные науки,НИУ ВШЭ,1 курс,-4.0,-8.0,9.0
394,Женский,Естественные науки,НИУ ВШЭ,1 курс,-3.0,0.0,5.0
395,Женский,Точные науки,НИУ ВШЭ,3 курс,-2.0,-2.5,7.5
396,Женский,Гуманитарные науки,НИУ ВШЭ,1 курс,-4.0,-1.5,4.5
397,Женский,Гуманитарные науки,НИУ ВШЭ,1 курс,-0.5,-3.0,6.5
398,Женский,Естественные науки,НИУ ВШЭ,1 курс,-1.0,-4.5,7.5
399,Женский,Социальные науки,НИУ ВШЭ,1 курс,-2.5,-3.5,6.0
400,Женский,Естественные науки,НИУ ВШЭ,1 курс,-1.5,-4.5,7.5
401,Женский,Социальные науки,НИУ ВШЭ,4 курс,-0.5,1.5,2.5
402,Женский,Социальные науки,НИУ ВШЭ,1 курс,0.5,-4.5,9.0
403,Женский,Точные науки,НИУ ВШЭ,1 курс,-3.5,-2.5,5.5
404,Женский,Точные науки,НИУ ВШЭ,1 курс,-4.0,0.0,6.0
405,Женский,Социальные науки,НИУ ВШЭ,1 курс,0.0,-4.0,9.0
406,Женский,Гуманитарные науки,НИУ ВШЭ,1 курс,-3.0,-1.0,1.5
407,Женский,Точные науки,НИУ ВШЭ,1 курс,-1.5,4.0,3.0
408,Женский,Точные науки,НИУ ВШЭ,1 курс,-1.5,-0.5,4.5
409,Женский,Гуманитарные науки,НИУ ВШЭ,1 курс,5.5,9.5,-9.5
410,Женский,Социальные науки,НИУ ВШЭ,5 курс,-3.0,-5.0,6.5
411,Женский,Точные науки,НИУ ВШЭ,1 курс,-4.0,-1.5,7.0
412,Женский,Социальные науки,НИУ ВШЭ,1 курс,-1.5,0.0,2.0
413,Женский,Точные науки,НИУ ВШЭ,3 курс,-1.0,-0.5,2.5
414,Женский,Точные науки,НИУ ВШЭ,1 курс,-3.0,2.0,4.0
415,Женский,Гуманитарные науки,НИУ ВШЭ,1 курс,2.0,4.0,-8.0
416,Женский,Точные науки,НИУ ВШЭ,1 курс,-1.5,-2.0,6.5
417,Женский,Гуманитарные науки,НИУ ВШЭ,1 курс,-5.5,-7.0,6.5
418,Женский,Гуманитарные науки,НИУ ВШЭ,1 курс,-7.0,-6.0,7.0
419,Женский,Точные науки,НИУ ВШЭ,1 курс,3.0,-3.5,8.5
420,Женский,Социальные науки,НИУ ВШЭ,1 курс,-0.5,-0.5,6.5
421,Женский,Гуманитарные науки,НИУ ВШЭ,1 курс,-3.5,-1.5,6.5
422,Женский,Точные науки,НИУ ВШЭ,1 курс,-1.5,-0.5,2.5
423,Женский,Точные науки,НИУ ВШЭ,1 курс,-3.0,4.0,3.5
424,Женский,Гуманитарные науки,НИУ ВШЭ,2 курс,0.5,-1.5,9.0
425,Женский,Точные науки,НИУ ВШЭ,1 курс,-4.5,2.0,6.5
426,Женский,Гуманитарные науки,НИУ ВШЭ,1 курс,0.0,0.5,2.5
427,Женский,Точные науки,НИУ ВШЭ,1 курс,-3.5,-1.0,8.0
428,Женский,Точные науки,НИУ ВШЭ,1 курс,1.0,-2.5,9.5
429,Женский,Гуманитарные науки,НИУ ВШЭ,1 курс,-0.5,-4.0,3.5
430,Женский,Социальные науки,НИУ ВШЭ,1 курс,-1.5,-3.5,3.5
431,Женский,Социальные науки,НИУ ВШЭ,1 курс,-4.5,-5.0,7.5
432,Женский,Гуманитарные науки,НИУ ВШЭ,1 курс,-1.5,1.0,6.0
433,Женский,Гуманитарные науки,НИУ ВШЭ,1 курс,-2.0,2.0,6.0
434,Женский,Гуманитарные науки,НИУ ВШЭ,3 курс,-0.5,0.0,6.0
435,Женский,Социальные науки,НИУ ВШЭ,1 курс,-0.5,-7.0,7.5
436,Женский,Точные науки,НИУ ВШЭ,2 курс,-2.0,0.0,2.5
437,Женский,Естественные науки,НИУ ВШЭ,1 курс,-4.0,-2.5,6.0
438,Женский,Точные науки,НИУ ВШЭ,1 курс,-1.0,-4.0,5.5
439,Женский,Социальные науки,НИУ ВШЭ,6 курс,-6.0,6.0,-10.0
440,Женский,Точные науки,НИУ ВШЭ,1 курс,0.0,1.0,2.5
441,Женский,Социальные науки,НИУ ВШЭ,2 курс,2.5,-1.5,7.5
442,Женский,Гуманитарные науки,НИУ ВШЭ,1 курс,-3.5,-1.0,7.0
443,Женский,Гуманитарные науки,НИУ ВШЭ,1 курс,-1.0,0.5,6.0
444,Женский,Гуманитарные науки,НИУ ВШЭ,6 курс,0.5,-2.5,7.5
445,Женский,Гуманитарные науки,НИУ ВШЭ,1 курс,-4.5,0.5,8.5
446,Женский,Гуманитарные науки,НИУ ВШЭ,3 курс,1.0,-3.5,6.5
447,Женский,Гуманитарные науки,НИУ ВШЭ,2 курс,0.0,1.0,6.5
448,Женский,Гуманитарные науки,НИУ ВШЭ,3 курс,-3.5,-5.0,9.0
449,Женский,Гуманитарные науки,НИУ ВШЭ,3 курс,-2.0,-1.5,7.0
450,Женский,Гуманитарные науки,НИУ ВШЭ,1 курс,-3.0,1.5,4.5
451,Женский,Гуманитарные науки,НИУ ВШЭ,1 курс,-2.5,-6.0,8.0
452,Женский,Социальные науки,НИУ ВШЭ,1 курс,-3.0,-4.0,5.5
453,Женский,Гуманитарные науки,НИУ ВШЭ,1 курс,-2.0,-1.5,4.5
454,Женский,Гуманитарные науки,НИУ ВШЭ,1 курс,-3.0,0.0,5.5
455,Женский,Социальные науки,НИУ ВШЭ,1 курс,2.0,-1.0,4.5
456,Женский,Социальные науки,НИУ ВШЭ,2 курс,0.0,-0.5,7.0
457,Женский,Точные науки,НИУ ВШЭ,6 курс,-1.5,-1.5,4.5
458,Женский,Гуманитарные науки,НИУ ВШЭ,4 курс,-1.0,-2.0,7.0
459,Женский,Точные науки,НИУ ВШЭ,1 курс,0.0,-3.0,5.5
460,Женский,Социальные науки,НИУ ВШЭ,1 курс,-3.5,-0.5,4.0
461,Женский,Социальные науки,НИУ ВШЭ,1 курс,-9.0,-3.0,10.0
462,Женский,Точные науки,НИУ ВШЭ,1 курс,-1.5,-1.5,7.0
463,Женский,Социальные науки,НИУ ВШЭ,1 курс,-4.0,-5.0,9.0
464,Женский,Социальные науки,НИУ ВШЭ,3 курс,-5.5,4.0,8.0
465,Женский,Гуманитарные науки,НИУ ВШЭ,1 курс,-4.5,0.0,5.5
466,Женский,Гуманитарные науки,НИУ ВШЭ,5 курс,-2.0,7.5,2.5
467,Женский,Социальные науки,НИУ ВШЭ,2 курс,2.5,-7.0,6.0
468,Женский,Социальные науки,НИУ ВШЭ,2 курс,-0.5,-3.5,7.5
469,Женский,Гуманитарные науки,НИУ ВШЭ,2 курс,-7.5,-3.5,6.5
470,Женский,Социальные науки,НИУ ВШЭ,3 курс,3.0,1.0,5.5
471,Женский,Гуманитарные науки,НИУ ВШЭ,3 курс,-3.5,-2.5,8.5
472,Женский,Социальные науки,НИУ ВШЭ,5 курс,-3.0,-4.5,8.5
473,Женский,Точные науки,НИУ ВШЭ,1 курс,0.5,-1.0,6.0
474,Женский,Гуманитарные науки,НИУ ВШЭ,1 курс,-6.0,-2.0,2.5
475,Женский,Социальные науки,НИУ ВШЭ,1 курс,3.0,3.0,-2.0
476,Женский,Точные науки,НИУ ВШЭ,2 курс,-2.0,3.5,7.5
477,Женский,Точные науки,НИУ ВШЭ,1 курс,0.0,-2.5,9.5
478,Женский,Социальные науки,НИУ ВШЭ,4 курс,-3.5,-2.0,9.0
479,Женский,Социальные науки,НИУ ВШЭ,4 курс,-1.0,-3.0,7.5
480,Женский,Социальные науки,НИУ ВШЭ,1 курс,-7.5,-1.0,8.0
481,Женский,Точные науки,НИУ ВШЭ,2 курс,-0.5,-2.5,4.0
482,Женский,Гуманитарные науки,НИУ ВШЭ,4 курс,-1.5,-2.5,7.0
483,Женский,Точные науки,НИУ ВШЭ,4 курс,0.5,-3.0,8.0
484,Женский,Гуманитарные науки,НИУ ВШЭ,1 курс,-0.5,-3.5,5.5
485,Женский,Социальные науки,НИУ ВШЭ,1 курс,2.0,-3.0,7.0
486,Женский,Гуманитарные науки,НИУ ВШЭ,1 курс,-1.0,-4.5,8.0
487,Женский,Социальные науки,НИУ ВШЭ,1 курс,1.0,4.0,2.5
488,Женский,Гуманитарные науки,НИУ ВШЭ,1 курс,-7.5,-3.0,7.5
489,Женский,Социальные науки,НИУ ВШЭ,2 курс,-0.5,0.5,4.5
490,Женский,Социальные науки,НИУ ВШЭ,1 курс,-4.0,1.5,5.0
491,Женский,Социальные науки,НИУ ВШЭ,1 курс,0.0,-0.5,0.0
492,Женский,Социальные науки,НИУ ВШЭ,1 курс,-1.0,2.5,1.5
493,Женский,Социальные науки,НИУ ВШЭ,2 курс,0.0,-1.5,3.0
494,Женский,Социальные науки,НИУ ВШЭ,1 курс,-1.0,1.5,6.5
495,Женский,Точные науки,НИУ ВШЭ,3 курс,-5.0,-6.5,9.5
496,Женский,Точные науки,НИУ ВШЭ,1 курс,-2.5,2.5,6.0
497,Женский,Гуманитарные науки,НИУ ВШЭ,1 курс,-3.5,-4.5,8.0
498,Женский,Точные науки,НИУ ВШЭ,2 курс,-2.0,-1.5,8.0
499,Женский,Социальные науки,НИУ ВШЭ,1 курс,-2.0,-1.5,8.0
500,Женский,Гуманитарные науки,НИУ ВШЭ,1 курс,-1.5,2.5,-1.0
501,Женский,Гуманитарные науки,НИУ ВШЭ,3 курс,1.5,-2.0,8.5
502,Женский,Гуманитарные науки,НИУ ВШЭ,4 курс,0.0,-3.0,7.0
503,Женский,Социальные науки,НИУ ВШЭ,1 курс,-1.5,-1.0,4.0
504,Женский,Гуманитарные науки,НИУ ВШЭ,1 курс,-6.0,-1.0,9.0
505,Женский,Социальные науки,НИУ ВШЭ,2 курс,0.0,4.5,5.0
506,Женский,Гуманитарные науки,НИУ ВШЭ,2 курс,-1.0,-4.5,6.0
507,Женский,Социальные науки,НИУ ВШЭ,1 курс,0.0,-1.0,7.0
508,Женский,Гуманитарные науки,НИУ ВШЭ,1 курс,7.0,-7.0,8.5
509,Женский,Гуманитарные науки,НИУ ВШЭ,1 курс,1.0,-5.0,6.5
510,Женский,Социальные науки,НИУ ВШЭ,3 курс,-2.0,-5.5,5.5
511,Женский,Точные науки,НИУ ВШЭ,2 курс,-1.5,-5.0,8.5
512,Женский,Социальные науки,НИУ ВШЭ,4 курс,0.0,2.0,7.0
513,Женский,Социальные науки,НИУ ВШЭ,2 курс,-2.0,0.0,7.0
514,Женский,Гуманитарные науки,НИУ ВШЭ,1 курс,-0.5,0.0,6.0
515,Женский,Точные науки,НИУ ВШЭ,1 курс,-3.0,1.0,6.5
516,Женский,Гуманитарные науки,НИУ ВШЭ,1 курс,-2.0,0.5,7.0
517,Женский,Социальные науки,НИУ ВШЭ,1 курс,-1.5,-2.0,7.5
518,Женский,Естественные науки,НИУ ВШЭ,2 курс,-1.5,-2.0,5.0
519,Женский,Гуманитарные науки,НИУ ВШЭ,3 курс,-3.0,5.5,3.0
520,Женский,Точные науки,НИУ ВШЭ,4 курс,-2.5,-0.5,5.0
521,Женский,Гуманитарные науки,НИУ ВШЭ,3 курс,-3.5,-0.5,5.5
522,Женский,Социальные науки,НИУ ВШЭ,4 курс,-3.0,-2.0,9.0
523,Женский,Социальные науки,НИУ ВШЭ,2 курс,-3.0,1.5,7.0
524,Женский,Социальные науки,НИУ ВШЭ,1 курс,3.5,1.0,5.0
525,Женский,Гуманитарные науки,НИУ ВШЭ,3 курс,-3.5,0.0,6.0
526,Женский,Гуманитарные науки,НИУ ВШЭ,2 курс,-1.5,2.0,2.5
527,Женский,Гуманитарные науки,НИУ ВШЭ,1 курс,0.5,2.5,7.5
528,Женский,Гуманитарные науки,НИУ ВШЭ,1 курс,-3.0,0.5,4.0
529,Женский,Гуманитарные науки,НИУ ВШЭ,2 курс,2.5,-1.5,9.5
530,Женский,Естественные науки,НИУ ВШЭ,4 курс,-0.5,-0.5,1.0
531,Женский,Точные науки,НИУ ВШЭ,1 курс,-1.0,-0.5,4.5
532,Женский,Гуманитарные науки,НИУ ВШЭ,1 курс,-4.0,-4.0,6.5
533,Женский,Гуманитарные науки,НИУ ВШЭ,1 курс,-3.0,-2.5,7.0
534,Женский,Гуманитарные науки,НИУ ВШЭ,1 курс,-3.5,-2.0,9.5
535,Женский,Точные науки,НИУ ВШЭ,1 курс,-4.5,-1.0,3.0
536,Женский,Социальные науки,НИУ ВШЭ,1 курс,-6.0,-4.5,5.5
537,Женский,Гуманитарные науки,НИУ ВШЭ,3 курс,-2.5,-1.0,5.5
538,Женский,Точные науки,НИУ ВШЭ,1 курс,-4.5,2.5,5.0
539,Женский,Гуманитарные науки,НИУ ВШЭ,1 курс,0.5,-8.0,8.0
540,Женский,Социальные науки,НИУ ВШЭ,4 курс,-7.5,3.0,4.0
541,Женский,Гуманитарные науки,НИУ ВШЭ,2 курс,5.0,-3.5,7.5
542,Женский,Гуманитарные науки,НИУ ВШЭ,3 курс,-1.5,-3.5,8.5
543,Женский,Гуманитарные науки,НИУ ВШЭ,3 курс,2.5,-2.0,9.0
544,Женский,Гуманитарные науки,НИУ ВШЭ,2 курс,-3.0,-0.5,8.0
545,Женский,Гуманитарные науки,НИУ ВШЭ,1 курс,-3.5,1.0,5.5
546,Женский,Точные науки,НИУ ВШЭ,2 курс,-1.5,-0.5,3.0
547,Женский,Социальные науки,НИУ ВШЭ,4 курс,-4.5,-2.0,7.5
548,Женский,Гуманитарные науки,НИУ ВШЭ,2 курс,-0.5,-4.0,8.0
549,Женский,Естественные науки,НИУ ВШЭ,6 курс,1.5,-2.5,8.0
550,Женский,Социальные науки,НИУ ВШЭ,4 курс,0.5,-4.0,6.5
551,Женский,Гуманитарные науки,НИУ ВШЭ,1 курс,-1.5,-1.0,7.5
552,Женский,Социальные науки,НИУ ВШЭ,3 курс,-2.0,1.5,2.5
553,Женский,Точные науки,НИУ ВШЭ,4 курс,-7.5,4.0,1.0
554,Женский,Социальные науки,НИУ ВШЭ,1 курс,0.5,-1.5,6.0
555,Женский,Социальные науки,НИУ ВШЭ,2 курс,-5.0,0.0,2.5
556,Женский,Социальные науки,НИУ ВШЭ,2 курс,-1.0,-0.5,5.5
557,Женский,Социальные науки,НИУ ВШЭ,2 курс,0.0,-4.0,8.0
558,Женский,Гуманитарные науки,НИУ ВШЭ,1 курс,-3.0,-1.0,8.0
559,Женский,Социальные науки,НИУ ВШЭ,4 курс,-2.0,0.5,6.5
560,Женский,Точные науки,НИУ ВШЭ,1 курс,2.0,3.5,4.5
561,Женский,Социальные науки,НИУ ВШЭ,2 курс,-2.5,-6.0,6.5
562,Женский,Гуманитарные науки,НИУ ВШЭ,2 курс,-2.5,-1.5,8.5
563,Женский,Социальные науки,НИУ ВШЭ,1 курс,-1.5,-1.0,7.0
564,Женский,Гуманитарные науки,НИУ ВШЭ,1 курс,-0.5,1.0,6.0
565,Женский,Социальные науки,НИУ ВШЭ,4 курс,-1.5,-0.5,8.0
566,Женский,Гуманитарные науки,НИУ ВШЭ,1 курс,-2.5,1.0,6.5
567,Женский,Гуманитарные науки,НИУ ВШЭ,2 курс,-3.0,1.5,7.0
568,Женский,Естественные науки,НИУ ВШЭ,2 курс,-3.5,0.0,7.0
569,Женский,Гуманитарные науки,НИУ ВШЭ,1 курс,-1.5,-0.5,6.5
570,Женский,Естественные науки,НИУ ВШЭ,1 курс,-1.5,-4.5,9.5
571,Женский,Гуманитарные науки,НИУ ВШЭ,1 курс,-1.0,-4.0,6.0
572,Женский,Социальные науки,НИУ ВШЭ,3 курс,-3.0,-4.0,7.5
573,Женский,Точные науки,НИУ ВШЭ,1 курс,-4.0,-1.0,7.0
574,Женский,Социальные науки,НИУ ВШЭ,3 курс,-1.0,-3.5,6.5
575,Женский,Социальные науки,НИУ ВШЭ,2 курс,-0.5,-2.0,3.0
576,Женский,Социальные науки,НИУ ВШЭ,3 курс,-4.5,1.5,6.0
577,Женский,Точные науки,НИУ ВШЭ,5 курс,0.0,-4.5,7.0
578,Женский,Точные науки,НИУ ВШЭ,1 курс,-1.0,-3.0,9.0
579,Женский,Социальные науки,НИУ ВШЭ,1 курс,-3.0,0.5,7.5
580,Женский,Социальные науки,НИУ ВШЭ,4 курс,-0.5,2.0,6.0
581,Женский,Социальные науки,НИУ ВШЭ,3 курс,-1.5,-4.5,6.5
582,Женский,Точные науки,НИУ ВШЭ,2 курс,2.0,5.0,3.5
583,Женский,Социальные науки,НИУ ВШЭ,1 курс,-3.0,-1.0,2.0
584,Женский,Гуманитарные науки,НИУ ВШЭ,2 курс,-6.0,-6.0,9.5
585,Женский,Социальные науки,НИУ ВШЭ,2 курс,0.5,1.5,6.5
586,Женский,Социальные науки,НИУ ВШЭ,1 курс,1.0,-3.5,8.0
587,Женский,Точные науки,НИУ ВШЭ,2 курс,-2.0,3.0,4.5
588,Женский,Социальные науки,НИУ ВШЭ,1 курс,1.5,1.0,6.0
589,Женский,Социальные науки,НИУ ВШЭ,1 курс,-1.0,0.0,8.5
590,Женский,Социальные науки,НИУ ВШЭ,1 курс,-2.0,0.5,8.5
591,Женский,Социальные науки,НИУ ВШЭ,5 курс,0.5,-1.0,8.5
592,Женский,Социальные науки,НИУ ВШЭ,1 курс,2.0,-6.0,8.5
593,Женский,Гуманитарные науки,НИУ ВШЭ,3 курс,-2.0,-4.5,6.0
594,Женский,Точные науки,НИУ ВШЭ,2 курс,-1.5,-0.5,4.5
595,Женский,Точные науки,НИУ ВШЭ,2 курс,-4.5,3.0,2.0
596,Женский,Точные науки,НИУ ВШЭ,5 курс,3.5,-3.5,8.5
597,Женский,Социальные науки,НИУ ВШЭ,1 курс,-4.5,-3.0,6.0
598,Женский,Социальные науки,НИУ ВШЭ,4 курс,-2.0,-3.5,6.5
599,Женский,Гуманитарные науки,НИУ ВШЭ,4 курс,5.0,-4.0,6.5
600,Женский,Социальные науки,НИУ ВШЭ,2 курс,2.0,2.0,8.0
601,Женский,Социальные науки,НИУ ВШЭ,2 курс,1.0,-0.5,8.5
602,Женский,Естественные науки,НИУ ВШЭ,2 курс,-1.0,-4.5,5.5
603,Женский,Гуманитарные науки,НИУ ВШЭ,2 курс,-1.0,0.5,4.5
604,Женский,Гуманитарные науки,НИУ ВШЭ,4 курс,-3.0,-3.0,8.0
605,Женский,Социальные науки,НИУ ВШЭ,1 курс,-3.5,1.5,6.5
606,Женский,Социальные науки,НИУ ВШЭ,2 курс,0.0,0.0,6.0
607,Женский,Социальные науки,НИУ ВШЭ,1 курс,3.5,-2.5,4.0
608,Женский,Точные науки,НИУ ВШЭ,4 курс,-0.5,-2.0,5.5
609,Женский,Социальные науки,НИУ ВШЭ,5 курс,-0.5,-1.5,4.5
610,Женский,Социальные науки,НИУ ВШЭ,1 курс,2.5,-1.0,5.0
611,Женский,Социальные науки,НИУ ВШЭ,3 курс,-1.5,-2.5,7.0
612,Женский,Социальные науки,НИУ ВШЭ,2 курс,-2.5,-3.5,8.0
613,Женский,Естественные науки,НИУ ВШЭ,1 курс,-1.0,-1.5,9.0
614,Женский,Социальные науки,НИУ ВШЭ,1 курс,0.0,-1.0,8.0
615,Женский,Социальные науки,НИУ ВШЭ,2 курс,5.5,-6.0,7.0
616,Женский,Гуманитарные науки,НИУ ВШЭ,2 курс,-2.0,-3.0,6.5
617,Женский,Гуманитарные науки,НИУ ВШЭ,2 курс,1.0,-2.5,6.5
618,Женский,Социальные науки,НИУ ВШЭ,2 курс,-0.5,-1.0,8.0
619,Женский,Гуманитарные науки,НИУ ВШЭ,2 курс,0.0,-3.0,7.0
620,Женский,Гуманитарные науки,НИУ ВШЭ,2 курс,-2.5,-4.5,6.5
621,Женский,Гуманитарные науки,НИУ ВШЭ,2 курс,1.5,-5.0,9.0
622,Женский,Гуманитарные науки,НИУ ВШЭ,2 курс,-0.5,-7.5,6.5
623,Женский,Гуманитарные науки,НИУ ВШЭ,2 курс,-4.0,-9.0,8.0
624,Женский,Социальные науки,НИУ ВШЭ,4 курс,-1.5,2.5,5.0
625,Женский,Точные науки,НИУ ВШЭ,4 курс,-3.0,-4.0,7.5
626,Женский,Гуманитарные науки,НИУ ВШЭ,2 курс,-4.0,-8.0,8.5
627,Женский,Социальные науки,НИУ ВШЭ,2 курс,-7.0,-5.5,8.0
628,Женский,Социальные науки,НИУ ВШЭ,6 курс,-2.5,3.5,0.0
629,Женский,Гуманитарные науки,НИУ ВШЭ,3 курс,0.5,0.5,7.0
630,Женский,Социальные науки,НИУ ВШЭ,2 курс,-2.5,1.0,8.0
631,Женский,Социальные науки,НИУ ВШЭ,3 курс,-0.5,-1.0,8.0
632,Женский,Социальные науки,НИУ ВШЭ,1 курс,-1.0,-3.0,8.5
633,Женский,Точные науки,НИУ ВШЭ,1 курс,-3.0,-6.0,7.5
634,Женский,Гуманитарные науки,НИУ ВШЭ,4 курс,-1.0,-3.5,5.5
635,Женский,Социальные науки,НИУ ВШЭ,1 курс,-2.5,-1.0,7.0
636,Женский,Социальные науки,НИУ ВШЭ,2 курс,-1.0,-0.5,5.0
637,Женский,Гуманитарные науки,НИУ ВШЭ,1 курс,-0.5,2.0,4.0
638,Женский,Гуманитарные науки,НИУ ВШЭ,1 курс,3.0,-2.5,7.5
639,Женский,Точные науки,НИУ ВШЭ,1 курс,0.5,-0.5,0.5
640,Женский,Гуманитарные науки,НИУ ВШЭ,2 курс,-2.5,1.5,5.0
641,Женский,Социальные науки,НИУ ВШЭ,4 курс,-3.0,-3.0,2.5
642,Женский,Гуманитарные науки,НИУ ВШЭ,1 курс,-6.0,-1.5,8.0
643,Женский,Гуманитарные науки,НИУ ВШЭ,1 курс,-4.0,1.0,2.0
644,Женский,Гуманитарные науки,НИУ ВШЭ,1 курс,-2.0,-2.5,7.0
645,Женский,Гуманитарные науки,НИУ ВШЭ,4 курс,-2.0,-4.0,6.5
646,Женский,Гуманитарные науки,НИУ ВШЭ,1 курс,-2.0,0.5,4.5
647,Женский,Гуманитарные науки,НИУ ВШЭ,1 курс,6.5,8.0,-10.0
648,Женский,Социальные науки,НИУ ВШЭ,4 курс,-1.0,-2.0,4.5
649,Женский,Гуманитарные науки,НИУ ВШЭ,1 курс,-8.0,-8.0,9.5
650,Женский,Гуманитарные науки,НИУ ВШЭ,1 курс,-3.5,2.5,7.5
651,Женский,Социальные науки,НИУ ВШЭ,4 курс,-1.0,-3.5,4.0
652,Женский,Гуманитарные науки,НИУ ВШЭ,3 курс,-2.5,-4.0,3.5
653,Женский,Социальные науки,НИУ ВШЭ,2 курс,-0.5,-5.0,8.5
654,Женский,Гуманитарные науки,НИУ ВШЭ,1 курс,-1.0,-1.5,6.0
655,Женский,Гуманитарные науки,НИУ ВШЭ,1 курс,-1.5,-6.5,8.0
656,Женский,Гуманитарные науки,НИУ ВШЭ,1 курс,-2.5,-4.0,6.5
657,Женский,Социальные науки,НИУ ВШЭ,1 курс,-1.5,-1.5,4.0
658,Женский,Точные науки,НИУ ВШЭ,4 курс,0.0,-4.0,8.0
659,Женский,Социальные науки,НИУ ВШЭ,1 курс,-3.5,-2.0,7.5
660,Женский,Социальные науки,НИУ ВШЭ,1 курс,-2.0,-4.5,5.5
661,Женский,Социальные науки,НИУ ВШЭ,3 курс,-1.5,-4.0,7.5
662,Женский,Социальные науки,НИУ ВШЭ,3 курс,-3.0,-1.5,5.0
663,Женский,Социальные науки,НИУ ВШЭ,3 курс,-0.5,2.5,2.5
664,Женский,Точные науки,НИУ ВШЭ,2 курс,0.0,-2.0,5.0
665,Женский,Социальные науки,НИУ ВШЭ,3 курс,-2.5,-3.5,2.5
666,Женский,Социальные науки,НИУ ВШЭ,3 курс,-1.0,-2.5,8.0
667,Женский,Гуманитарные науки,НИУ ВШЭ,1 курс,-3.5,-7.0,9.0
668,Женский,Социальные науки,НИУ ВШЭ,2 курс,-0.5,-4.0,8.0
669,Женский,Социальные науки,НИУ ВШЭ,1 курс,-3.0,-7.0,8.5
670,Женский,Гуманитарные науки,НИУ ВШЭ,1 курс,-3.0,0.5,6.0
671,Женский,Социальные науки,НИУ ВШЭ,4 курс,-1.5,-0.5,8.5
672,Женский,Социальные науки,НИУ ВШЭ,4 курс,-1.0,2.0,8.5
673,Мужской,Точные науки,НИУ ВШЭ,1 курс,3.5,5.5,-1.0
674,Мужской,Точные науки,НИУ ВШЭ,1 курс,-2.0,4.0,3.0
675,Мужской,Точные науки,НИУ ВШЭ,1 курс,6.5,-5.5,0.0
676,Мужской,Естественные науки,НИУ ВШЭ,1 курс,-3.0,-1.0,7.0
677,Мужской,Точные науки,НИУ ВШЭ,1 курс,-2.0,5.5,4.5
678,Мужской,Точные науки,НИУ ВШЭ,1 курс,6.0,-4.5,2.5
679,Мужской,Точные науки,НИУ ВШЭ,1 курс,-0.5,2.0,2.0
680,Мужской,Точные науки,НИУ ВШЭ,1 курс,3.5,2.5,2.0
681,Мужской,Точные науки,НИУ ВШЭ,1 курс,-4.0,0.5,1.0
682,Мужской,Точные науки,НИУ ВШЭ,1 курс,-2.5,-6.0,7.5
683,Мужской,Социальные науки,НИУ ВШЭ,1 курс,5.0,-4.5,5.0
684,Мужской,Точные науки,НИУ ВШЭ,1 курс,-6.0,6.0,3.5
685,Мужской,Точные науки,НИУ ВШЭ,2 курс,-0.5,2.0,1.5
686,Мужской,Точные науки,НИУ ВШЭ,1 курс,1.5,-6.0,7.5
687,Мужской,Точные науки,НИУ ВШЭ,1 курс,1.0,-1.0,0.5
688,Мужской,Социальные науки,НИУ ВШЭ,2 курс,2.5,8.0,-3.0
689,Мужской,Естественные науки,НИУ ВШЭ,1 курс,-4.5,3.5,0.5
690,Мужской,Точные науки,НИУ ВШЭ,1 курс,-2.0,6.5,3.5
691,Мужской,Точные науки,НИУ ВШЭ,1 курс,2.5,-2.0,3.0
692,Мужской,Социальные науки,НИУ ВШЭ,2 курс,1.5,3.5,-2.0
693,Мужской,Социальные науки,НИУ ВШЭ,1 курс,8.0,-6.5,7.5
694,Мужской,Социальные науки,НИУ ВШЭ,1 курс,7.0,-6.0,8.0
695,Мужской,Социальные науки,НИУ ВШЭ,1 курс,-8.5,-2.0,4.5
696,Мужской,Точные науки,НИУ ВШЭ,1 курс,-2.5,3.0,5.0
697,Мужской,Точные науки,НИУ ВШЭ,1 курс,0.5,-2.5,9.5
698,Мужской,Точные науки,НИУ ВШЭ,3 курс,-2.0,1.0,8.0
699,Мужской,Точные науки,НИУ ВШЭ,1 курс,-6.0,-1.5,3.0
700,Мужской,Точные науки,НИУ ВШЭ,1 курс,-2.0,-3.5,8.0
701,Мужской,Точные науки,НИУ ВШЭ,1 курс,6.0,-6.0,2.0
702,Мужской,Социальные науки,НИУ ВШЭ,1 курс,-3.0,1.0,7.0
703,Мужской,Точные науки,НИУ ВШЭ,1 курс,-5.5,3.0,5.0
704,Мужской,Точные науки,НИУ ВШЭ,3 курс,-3.0,1.0,5.0
705,Мужской,Социальные науки,НИУ ВШЭ,1 курс,-1.0,0.5,4.5
706,Мужской,Точные науки,НИУ ВШЭ,1 курс,-1.5,-2.0,5.0
707,Мужской,Точные науки,НИУ ВШЭ,1 курс,1.0,1.5,2.5
708,Мужской,Социальные науки,НИУ ВШЭ,1 курс,-4.5,-1.5,7.5
709,Мужской,Точные науки,НИУ ВШЭ,1 курс,0.5,-0.5,5.5
710,Мужской,Точные науки,НИУ ВШЭ,1 курс,-4.0,4.5,2.0
711,Мужской,Точные науки,НИУ ВШЭ,1 курс,-2.0,-2.0,5.5
712,Мужской,Гуманитарные науки,НИУ ВШЭ,1 курс,-2.5,1.0,6.5
713,Мужской,Социальные науки,НИУ ВШЭ,1 курс,-8.0,5.5,-4.0
714,Мужской,Гуманитарные науки,НИУ ВШЭ,1 курс,1.5,-0.5,8.0
715,Мужской,Точные науки,НИУ ВШЭ,1 курс,-2.0,1.0,5.0
716,Мужской,Точные науки,НИУ ВШЭ,1 курс,-2.0,0.5,-3.0
717,Мужской,Точные науки,НИУ ВШЭ,1 курс,-1.5,-0.5,5.5
718,Мужской,Точные науки,НИУ ВШЭ,1 курс,2.0,6.5,-7.0
719,Мужской,Точные науки,НИУ ВШЭ,2 курс,-2.5,1.5,0.0
720,Мужской,Точные науки,НИУ ВШЭ,1 курс,-1.5,-4.0,8.5
721,Мужской,Точные науки,НИУ ВШЭ,1 курс,-7.0,6.5,0.0
722,Мужской,Социальные науки,НИУ ВШЭ,1 курс,1.0,-4.5,2.0
723,Мужской,Социальные науки,НИУ ВШЭ,1 курс,-1.0,-1.5,5.0
724,Мужской,Точные науки,НИУ ВШЭ,1 курс,-2.5,3.0,3.5
725,Мужской,Гуманитарные науки,НИУ ВШЭ,1 курс,-1.0,-2.0,8.0
726,Мужской,Социальные науки,НИУ ВШЭ,1 курс,-9.5,-2.0,7.0
727,Мужской,Социальные науки,НИУ ВШЭ,1 курс,-0.5,0.0,8.0
728,Мужской,Гуманитарные науки,НИУ ВШЭ,1 курс,4.0,2.5,-1.0
729,Мужской,Точные науки,НИУ ВШЭ,1 курс,-1.0,-0.5,7.5
730,Мужской,Точные науки,НИУ ВШЭ,2 курс,-8.0,2.0,8.0
731,Мужской,Точные науки,НИУ ВШЭ,1 курс,1.0,2.5,2.0
732,Мужской,Точные науки,НИУ ВШЭ,1 курс,-3.5,1.0,3.0
733,Мужской,Точные науки,НИУ ВШЭ,1 курс,0.0,-0.5,4.0
734,Мужской,Точные науки,НИУ ВШЭ,1 курс,0.5,-0.5,3.5
735,Мужской,Точные науки,НИУ ВШЭ,1 курс,2.0,-2.0,6.0
736,Мужской,Точные науки,НИУ ВШЭ,1 курс,-2.5,-0.5,3.5
737,Мужской,Социальные науки,НИУ ВШЭ,1 курс,-1.0,4.5,2.5
738,Мужской,Точные науки,НИУ ВШЭ,1 курс,1.0,0.0,-0.5
739,Мужской,Гуманитарные науки,НИУ ВШЭ,1 курс,-1.0,2.0,4.0
740,Мужской,Точные науки,НИУ ВШЭ,1 курс,-1.5,0.5,0.5
741,Мужской,Точные науки,НИУ ВШЭ,1 курс,-6.0,7.0,4.0
742,Мужской,Точные науки,НИУ ВШЭ,1 курс,-3.5,-1.0,0.5
743,Мужской,Точные науки,НИУ ВШЭ,1 курс,-2.5,-0.5,3.0
744,Мужской,Точные науки,НИУ ВШЭ,1 курс,1.5,0.5,4.0
745,Мужской,Социальные науки,НИУ ВШЭ,1 курс,-9.0,1.5,5.0
746,Мужской,Точные науки,НИУ ВШЭ,1 курс,1.0,1.5,1.0
747,Мужской,Точные науки,НИУ ВШЭ,1 курс,0.5,0.5,-1.0
748,Мужской,Точные науки,НИУ ВШЭ,1 курс,0.0,0.0,0.0
749,Мужской,Точные науки,НИУ ВШЭ,1 курс,4.0,-2.5,6.5
750,Мужской,Естественные науки,НИУ ВШЭ,1 курс,0.0,-1.5,6.0
751,Мужской,Социальные науки,НИУ ВШЭ,1 курс,2.5,-5.5,6.5
752,Мужской,Точные науки,НИУ ВШЭ,1 курс,-4.5,6.5,-4.0
753,Мужской,Социальные науки,НИУ ВШЭ,1 курс,5.0,-2.5,4.5
754,Мужской,Точные науки,НИУ ВШЭ,1 курс,0.0,1.5,2.5
755,Мужской,Точные науки,НИУ ВШЭ,1 курс,3.5,-3.0,4.5
756,Мужской,Точные науки,НИУ ВШЭ,1 курс,-4.5,0.0,6.5
757,Мужской,Точные науки,НИУ ВШЭ,1 курс,1.0,-6.0,8.0
758,Мужской,Точные науки,НИУ ВШЭ,1 курс,-3.5,2.0,1.5
759,Мужской,Точные науки,НИУ ВШЭ,1 курс,-1.5,1.0,8.5
760,Мужской,Социальные науки,НИУ ВШЭ,1 курс,5.5,8.5,-3.5
761,Мужской,Точные науки,НИУ ВШЭ,1 курс,-2.0,2.0,4.5
762,Мужской,Точные науки,НИУ ВШЭ,1 курс,-1.0,2.5,6.5
763,Мужской,Точные науки,НИУ ВШЭ,1 курс,-3.0,-4.0,3.5
764,Мужской,Точные науки,НИУ ВШЭ,1 курс,0.0,1.0,6.5
765,Мужской,Социальные науки,НИУ ВШЭ,2 курс,0.5,-4.0,7.0
766,Мужской,Точные науки,НИУ ВШЭ,1 курс,-2.0,5.0,3.5
767,Мужской,Точные науки,НИУ ВШЭ,1 курс,-3.5,-1.5,4.0
768,Мужской,Точные науки,НИУ ВШЭ,1 курс,0.5,0.5,7.5
769,Мужской,Точные науки,НИУ ВШЭ,1 курс,0.0,1.0,4.0
770,Мужской,Точные науки,НИУ ВШЭ,1 курс,-7.0,7.0,-2.5
771,Мужской,Точные науки,НИУ ВШЭ,1 курс,1.0,0.5,3.5
772,Мужской,Точные науки,НИУ ВШЭ,1 курс,4.5,3.0,5.0
773,Мужской,Социальные науки,НИУ ВШЭ,1 курс,2.0,10.0,-8.0
774,Мужской,Точные науки,НИУ ВШЭ,1 курс,2.0,-2.5,6.0
775,Мужской,Точные науки,НИУ ВШЭ,3 курс,0.0,3.5,0.0
776,Мужской,Социальные науки,НИУ ВШЭ,2 курс,3.5,-5.5,0.0
777,Мужской,Точные науки,НИУ ВШЭ,1 курс,-4.0,3.5,3.5
778,Мужской,Гуманитарные науки,НИУ ВШЭ,1 курс,-0.5,-4.0,5.5
779,Мужской,Точные науки,НИУ ВШЭ,1 курс,-1.0,0.0,4.0
780,Мужской,Гуманитарные науки,НИУ ВШЭ,1 курс,0.0,1.0,2.5
781,Мужской,Точные науки,НИУ ВШЭ,1 курс,1.0,-5.5,3.0
782,Мужской,Социальные науки,НИУ ВШЭ,1 курс,3.5,-4.5,6.0
783,Мужской,Точные науки,НИУ ВШЭ,1 курс,-0.5,1.5,5.5
784,Мужской,Точные науки,НИУ ВШЭ,3 курс,-3.0,1.5,3.5
785,Мужской,Точные науки,НИУ ВШЭ,1 курс,-2.0,3.5,3.5
786,Мужской,Социальные науки,НИУ ВШЭ,1 курс,-2.5,-2.0,6.0
787,Мужской,Точные науки,НИУ ВШЭ,1 курс,1.0,-0.5,5.0
788,Мужской,Точные науки,НИУ ВШЭ,1 курс,-0.5,-5.0,5.5
789,Мужской,Социальные науки,НИУ ВШЭ,1 курс,-1.0,-2.0,8.0
790,Мужской,Точные науки,НИУ ВШЭ,1 курс,-2.5,-2.5,4.0
791,Мужской,Точные науки,НИУ ВШЭ,1 курс,-1.5,-1.5,5.0
792,Мужской,Точные науки,НИУ ВШЭ,3 курс,3.0,1.0,6.0
793,Мужской,Точные науки,НИУ ВШЭ,1 курс,0.0,3.0,5.0
794,Мужской,Точные науки,НИУ ВШЭ,1 курс,1.5,-5.5,3.0
795,Мужской,Точные науки,НИУ ВШЭ,2 курс,-3.5,1.0,-2.0
796,Мужской,Точные науки,НИУ ВШЭ,1 курс,-2.0,-3.0,1.0
797,Мужской,Точные науки,НИУ ВШЭ,1 курс,-1.5,5.0,2.5
798,Мужской,Точные науки,НИУ ВШЭ,1 курс,1.0,-5.0,3.5
799,Мужской,Точные науки,НИУ ВШЭ,1 курс,2.0,2.0,3.0
800,Мужской,Точные науки,НИУ ВШЭ,1 курс,-2.5,1.5,1.0
801,Мужской,Точные науки,НИУ ВШЭ,1 курс,-3.0,6.0,-2.5
802,Мужской,Точные науки,НИУ ВШЭ,1 курс,0.0,-4.0,4.0
803,Мужской,Точные науки,НИУ ВШЭ,1 курс,1.5,3.5,3.0
804,Мужской,Точные науки,НИУ ВШЭ,1 курс,5.5,-5.5,6.0
805,Мужской,Гуманитарные науки,НИУ ВШЭ,1 курс,1.0,-0.5,7.0
806,Мужской,Точные науки,НИУ ВШЭ,3 курс,-1.5,-4.5,1.0
807,Мужской,Точные науки,НИУ ВШЭ,4 курс,-2.0,1.5,7.5
808,Мужской,Точные науки,НИУ ВШЭ,1 курс,-0.5,-0.5,5.5
809,Мужской,Точные науки,НИУ ВШЭ,3 курс,1.0,-4.0,3.0
810,Мужской,Точные науки,НИУ ВШЭ,5 курс,0.5,3.5,-0.5
811,Мужской,Социальные науки,НИУ ВШЭ,2 курс,-1.5,-3.5,6.0
812,Мужской,Социальные науки,НИУ ВШЭ,1 курс,-6.0,-4.5,4.0
813,Мужской,Социальные науки,НИУ ВШЭ,1 курс,-1.0,-1.0,6.0
814,Мужской,Социальные науки,НИУ ВШЭ,3 курс,-2.5,0.0,7.0
815,Мужской,Гуманитарные науки,НИУ ВШЭ,1 курс,1.0,-3.0,9.0
816,Мужской,Точные науки,НИУ ВШЭ,1 курс,0.5,2.0,7.0
817,Мужской,Социальные науки,НИУ ВШЭ,2 курс,1.5,-5.0,9.0
818,Мужской,Точные науки,НИУ ВШЭ,3 курс,-3.0,-7.5,9.5
819,Мужской,Гуманитарные науки,НИУ ВШЭ,2 курс,-3.0,-0.5,8.0
820,Мужской,Социальные науки,НИУ ВШЭ,3 курс,-8.5,-1.0,4.0
821,Мужской,Гуманитарные науки,НИУ ВШЭ,3 курс,0.5,0.5,3.0
822,Мужской,Гуманитарные науки,НИУ ВШЭ,2 курс,-0.5,5.0,-5.5
823,Мужской,Точные науки,НИУ ВШЭ,1 курс,1.0,1.5,-2.5
824,Мужской,Социальные науки,НИУ ВШЭ,2 курс,1.5,3.0,-1.5
825,Мужской,Точные науки,НИУ ВШЭ,2 курс,-2.5,3.5,2.0
826,Мужской,Точные науки,НИУ ВШЭ,1 курс,-0.5,3.5,-2.0
827,Мужской,Гуманитарные науки,НИУ ВШЭ,4 курс,4.0,4.5,-5.0
828,Мужской,Точные науки,НИУ ВШЭ,1 курс,1.0,0.0,8.0
829,Мужской,Точные науки,НИУ ВШЭ,1 курс,-5.0,-1.0,0.0
830,Мужской,Социальные науки,НИУ ВШЭ,4 курс,1.0,-2.0,8.0
831,Мужской,Гуманитарные науки,НИУ ВШЭ,1 курс,1.0,2.0,-3.0
832,Мужской,Социальные науки,НИУ ВШЭ,1 курс,-3.0,-0.5,5.0
833,Мужской,Точные науки,НИУ ВШЭ,2 курс,5.5,1.5,-3.0
834,Мужской,Гуманитарные науки,НИУ ВШЭ,3 курс,-3.0,1.0,4.5
835,Мужской,Точные науки,НИУ ВШЭ,1 курс,-2.5,3.5,4.0
836,Мужской,Точные науки,НИУ ВШЭ,1 курс,1.5,3.0,6.0
837,Мужской,Точные науки,НИУ ВШЭ,1 курс,7.5,-4.5,1.5
838,Мужской,Точные науки,НИУ ВШЭ,2 курс,2.5,5.5,-3.0
839,Мужской,Точные науки,НИУ ВШЭ,1 курс,7.5,-4.5,1.5
840,Мужской,Гуманитарные науки,НИУ ВШЭ,1 курс,-2.5,1.5,3.0
841,Мужской,Точные науки,НИУ ВШЭ,3 курс,0.0,3.0,5.5
842,Мужской,Социальные науки,НИУ ВШЭ,1 курс,-0.5,3.0,7.5
843,Мужской,Социальные науки,НИУ ВШЭ,3 курс,0.5,-2.5,7.0
844,Мужской,Социальные науки,НИУ ВШЭ,1 курс,-4.5,-4.5,6.5
845,Мужской,Социальные науки,НИУ ВШЭ,1 курс,4.5,-1.0,5.5
846,Мужской,Социальные науки,НИУ ВШЭ,1 курс,-2.0,-1.0,6.0
847,Мужской,Точные науки,НИУ ВШЭ,1 курс,-2.5,4.0,-0.5
848,Мужской,Точные науки,НИУ ВШЭ,2 курс,-1.5,-3.0,5.5
849,Мужской,Гуманитарные науки,НИУ ВШЭ,1 курс,-3.0,2.5,6.0
850,Мужской,Точные науки,НИУ ВШЭ,5 курс,2.5,2.0,5.0
851,Мужской,Социальные науки,НИУ ВШЭ,1 курс,10.0,4.0,0.0
852,Мужской,Точные науки,НИУ ВШЭ,2 курс,-3.0,1.0,2.0
853,Мужской,Социальные науки,НИУ ВШЭ,1 курс,-2.5,7.0,-1.0
854,Мужской,Социальные науки,НИУ ВШЭ,3 курс,3.0,-2.5,3.0
855,Мужской,Социальные науки,НИУ ВШЭ,1 курс,10.0,10.0,-10.0
856,Мужской,Социальные науки,НИУ ВШЭ,1 курс,-9.0,-3.0,7.0
857,Мужской,Социальные науки,НИУ ВШЭ,1 курс,-9.0,-3.5,7.0
858,Мужской,Точные науки,НИУ ВШЭ,2 курс,0.5,-0.5,0.0
859,Мужской,Точные науки,НИУ ВШЭ,1 курс,-5.0,6.5,1.0
860,Мужской,Гуманитарные науки,НИУ ВШЭ,4 курс,0.5,-0.5,9.5
861,Мужской,Социальные науки,НИУ ВШЭ,3 курс,-1.0,1.5,4.0
862,Мужской,Гуманитарные науки,НИУ ВШЭ,1 курс,4.0,-2.0,-0.5
863,Мужской,Гуманитарные науки,НИУ ВШЭ,2 курс,3.0,0.0,-3.0
864,Мужской,Точные науки,НИУ ВШЭ,5 курс,-0.5,3.0,-1.0
865,Мужской,Точные науки,НИУ ВШЭ,2 курс,3.0,5.0,-0.5
866,Мужской,Точные науки,НИУ ВШЭ,3 курс,1.5,2.5,2.0
867,Мужской,Гуманитарные науки,НИУ ВШЭ,2 курс,-1.5,3.0,3.5
868,Мужской,Точные науки,НИУ ВШЭ,2 курс,-0.5,3.0,7.0
869,Мужской,Точные науки,НИУ ВШЭ,1 курс,0.0,-4.5,8.0
870,Мужской,Точные науки,НИУ ВШЭ,1 курс,0.0,8.0,-4.0
871,Мужской,Социальные науки,НИУ ВШЭ,1 курс,-4.0,-8.0,8.0
872,Мужской,Точные науки,НИУ ВШЭ,1 курс,-1.0,-0.5,1.5
873,Мужской,Гуманитарные науки,НИУ ВШЭ,1 курс,-3.5,0.0,0.0
874,Мужской,Социальные науки,НИУ ВШЭ,1 курс,4.0,0.0,2.5
875,Мужской,Социальные науки,НИУ ВШЭ,4 курс,-4.5,-2.0,8.5
876,Мужской,Гуманитарные науки,НИУ ВШЭ,2 курс,1.0,4.5,-2.0
877,Мужской,Социальные науки,НИУ ВШЭ,2 курс,0.0,-4.0,6.5
878,Мужской,Точные науки,НИУ ВШЭ,1 курс,-7.0,8.5,-2.0
879,Мужской,Точные науки,НИУ ВШЭ,2 курс,-0.5,-2.0,8.5
880,Мужской,Точные науки,НИУ ВШЭ,2 курс,-1.5,0.0,3.0
881,Мужской,Точные науки,НИУ ВШЭ,1 курс,-0.5,-6.0,7.0
882,Мужской,Гуманитарные науки,НИУ ВШЭ,3 курс,-2.0,-0.5,4.0
883,Мужской,Социальные науки,НИУ ВШЭ,2 курс,-7.5,-7.0,8.5
884,Мужской,Точные науки,НИУ ВШЭ,1 курс,3.5,-4.5,2.0
885,Мужской,Точные науки,НИУ ВШЭ,3 курс,0.5,-0.5,-1.0
886,Мужской,Социальные науки,НИУ ВШЭ,1 курс,0.0,-1.0,8.0
887,Мужской,Гуманитарные науки,НИУ ВШЭ,2 курс,-1.0,1.0,4.5
888,Мужской,Гуманитарные науки,НИУ ВШЭ,1 курс,2.5,1.0,6.5
889,Мужской,Гуманитарные науки,НИУ ВШЭ,3 курс,-9.5,-7.5,5.5
890,Мужской,Гуманитарные науки,НИУ ВШЭ,1 курс,1.5,7.5,-1.5
891,Мужской,Социальные науки,НИУ ВШЭ,1 курс,-1.0,-3.5,7.0
892,Мужской,Точные науки,НИУ ВШЭ,1 курс,-1.0,-5.5,7.5
893,Мужской,Естественные науки,НИУ ВШЭ,1 курс,-0.5,-6.0,8.0
894,Мужской,Социальные науки,НИУ ВШЭ,1 курс,2.0,-4.0,7.5
895,Мужской,Социальные науки,НИУ ВШЭ,1 курс,1.0,-4.5,9.5
896,Мужской,Точные науки,НИУ ВШЭ,1 курс,-5.0,3.5,3.0
897,Мужской,Социальные науки,НИУ ВШЭ,2 курс,4.0,-6.5,8.0
898,Мужской,Точные науки,НИУ ВШЭ,1 курс,-1.5,10.0,-7.0
899,Мужской,Социальные науки,НИУ ВШЭ,3 курс,-9.5,-1.0,9.5
900,Мужской,Социальные науки,НИУ ВШЭ,3 курс,0.5,-9.5,6.5
901,Мужской,Социальные науки,НИУ ВШЭ,1 курс,6.0,-6.0,4.5
902,Мужской,Социальные науки,НИУ ВШЭ,3 курс,-2.5,1.0,6.0
903,Мужской,Гуманитарные науки,НИУ ВШЭ,4 курс,9.5,-6.0,3.5
904,Мужской,Гуманитарные науки,НИУ ВШЭ,5 курс,-0.5,9.0,-2.0
905,Мужской,Гуманитарные науки,НИУ ВШЭ,4 курс,5.0,-4.5,6.0
906,Мужской,Социальные науки,НИУ ВШЭ,1 курс,-2.0,1.5,-0.5
907,Мужской,Социальные науки,НИУ ВШЭ,2 курс,3.5,6.5,1.5
908,Мужской,Точные науки,НИУ ВШЭ,2 курс,-1.0,-1.0,2.0
909,Мужской,Точные науки,НИУ ВШЭ,3 курс,-4.0,-6.0,4.5
910,Мужской,Социальные науки,НИУ ВШЭ,3 курс,-1.0,-0.5,6.0
911,Мужской,Гуманитарные науки,НИУ ВШЭ,6 курс,-1.0,-4.5,6.5
912,Мужской,Точные науки,НИУ ВШЭ,4 курс,-1.5,1.0,5.0
913,Мужской,Точные науки,НИУ ВШЭ,1 курс,-3.5,0.5,1.0
914,Мужской,Точные науки,НИУ ВШЭ,3 курс,-7.5,-1.0,6.0
915,Мужской,Точные науки,НИУ ВШЭ,3 курс,-8.5,-2.0,6.0
916,Мужской,Социальные науки,НИУ ВШЭ,4 курс,-1.5,-6.5,7.0
917,Мужской,Точные науки,НИУ ВШЭ,4 курс,-2.5,3.0,6.5
918,Мужской,Гуманитарные науки,НИУ ВШЭ,2 курс,8.5,-5.5,0.5
919,Мужской,Точные науки,НИУ ВШЭ,2 курс,-9.5,3.0,-1.0
920,Мужской,Гуманитарные науки,НИУ ВШЭ,4 курс,1.5,-5.0,5.5
921,Мужской,Гуманитарные науки,НИУ ВШЭ,1 курс,-1.0,-1.0,3.5
922,Мужской,Гуманитарные науки,НИУ ВШЭ,3 курс,-0.5,2.0,4.0
923,Мужской,Социальные науки,НИУ ВШЭ,4 курс,-3.5,5.5,5.0
924,Мужской,Точные науки,НИУ ВШЭ,2 курс,-2.5,0.0,7.0
925,Мужской,Точные науки,НИУ ВШЭ,3 курс,1.5,-0.5,4.5
926,Мужской,Точные науки,НИУ ВШЭ,1 курс,0.5,-2.0,5.5
927,Мужской,Точные науки,НИУ ВШЭ,1 курс,-3.5,2.0,-1.5
928,Мужской,Точные науки,НИУ ВШЭ,1 курс,2.5,-3.5,4.5
929,Мужской,Гуманитарные науки,НИУ ВШЭ,4 курс,-1.0,-3.5,6.5
930,Мужской,Точные науки,НИУ ВШЭ,2 курс,3.0,-6.0,7.5
931,Мужской,Социальные науки,НИУ ВШЭ,4 курс,0.5,1.5,5.0
932,Мужской,Точные науки,НИУ ВШЭ,4 курс,2.0,1.0,3.5
933,Мужской,Точные науки,НИУ ВШЭ,1 курс,1.5,2.5,1.5
934,Мужской,Социальные науки,НИУ ВШЭ,1 курс,1.0,0.0,1.5
935,Мужской,Точные науки,НИУ ВШЭ,4 курс,5.5,8.5,-1.5
936,Мужской,Гуманитарные науки,НИУ ВШЭ,2 курс,1.0,-4.0,7.0
937,Мужской,Точные науки,НИУ ВШЭ,2 курс,0.5,3.5,6.5
938,Мужской,Гуманитарные науки,НИУ ВШЭ,2 курс,-6.0,-4.0,7.0
939,Мужской,Точные науки,НИУ ВШЭ,3 курс,-2.0,0.0,2.0
940,Мужской,Гуманитарные науки,НИУ ВШЭ,4 курс,1.5,0.5,1.5
941,Мужской,Точные науки,НИУ ВШЭ,2 курс,-6.0,-6.5,7.5
942,Мужской,Социальные науки,НИУ ВШЭ,3 курс,7.0,-1.0,1.5
943,Мужской,Социальные науки,НИУ ВШЭ,1 курс,-1.0,-2.5,-5.5
944,Мужской,Точные науки,НИУ ВШЭ,4 курс,8.0,5.5,0.5
945,Мужской,Социальные науки,НИУ ВШЭ,1 курс,-5.5,-8.0,10.0
946,Мужской,Естественные науки,НИУ ВШЭ,2 курс,1.0,-1.5,6.0
947,Мужской,Гуманитарные науки,НИУ ВШЭ,1 курс,4.0,-5.5,-2.0
948,Мужской,Точные науки,НИУ ВШЭ,1 курс,1.0,0.0,5.5
949,Мужской,Естественные науки,НИУ ВШЭ,2 курс,-2.0,-4.5,8.5
950,Мужской,Социальные науки,НИУ ВШЭ,2 курс,0.0,-6.5,6.0
951,Мужской,Естественные науки,НИУ ВШЭ,2 курс,-2.5,-1.0,9.0
952,Мужской,Гуманитарные науки,НИУ ВШЭ,4 курс,7.5,-6.0,4.5
953,Мужской,Естественные науки,НИУ ВШЭ,2 курс,-5.5,5.0,2.5
954,Мужской,Социальные науки,НИУ ВШЭ,1 курс,-10.0,8.5,3.5
955,Мужской,Точные науки,НИУ ВШЭ,6 курс,-5.0,5.0,-1.0
956,Мужской,Естественные науки,НИУ ВШЭ,4 курс,-2.0,-2.5,5.0
957,Мужской,Гуманитарные науки,НИУ ВШЭ,1 курс,-1.5,-0.5,8.0
958,Мужской,Точные науки,НИУ ВШЭ,3 курс,0.5,6.5,-2.5
959,Мужской,Точные науки,НИУ ВШЭ,1 курс,-8.0,-6.0,9.5
960,Мужской,Точные науки,НИУ ВШЭ,2 курс,-3.0,5.0,4.5
961,Мужской,Естественные науки,НИУ ВШЭ,2 курс,-2.0,4.0,0.0
962,Мужской,Точные науки,НИУ ВШЭ,2 курс,3.0,5.5,5.5
963,Мужской,Точные науки,НИУ ВШЭ,2 курс,-7.5,4.0,5.0
964,Мужской,Гуманитарные науки,НИУ ВШЭ,1 курс,1.0,3.0,3.0
965,Мужской,Точные науки,НИУ ВШЭ,3 курс,-5.5,-5.5,9.5
966,Мужской,Гуманитарные науки,НИУ ВШЭ,2 курс,-1.0,1.0,5.5
967,Мужской,Точные науки,НИУ ВШЭ,1 курс,-2.0,-1.5,4.5
968,Мужской,Точные науки,НИУ ВШЭ,1 курс,-3.5,0.0,7.5
969,Мужской,Точные науки,НИУ ВШЭ,2 курс,-8.5,5.0,5.0
970,Мужской,Гуманитарные науки,НИУ ВШЭ,1 курс,0.5,-7.0,-0.5
971,Мужской,Социальные науки,НИУ ВШЭ,2 курс,-0.5,-0.5,4.5
972,Мужской,Социальные науки,НИУ ВШЭ,6 курс,-8.5,-1.5,0.0
973,Мужской,Социальные науки,НИУ ВШЭ,2 курс,-1.0,-2.0,7.5
974,Мужской,Социальные науки,НИУ ВШЭ,3 курс,0.5,-1.0,5.5
975,Мужской,Социальные науки,НИУ ВШЭ,1 курс,2.5,-1.0,7.5
976,Мужской,Социальные науки,НИУ ВШЭ,2 курс,4.5,3.0,4.5
977,Мужской,Точные науки,НИУ ВШЭ,5 курс,2.5,-4.0,-4.5
978,Мужской,Социальные науки,НИУ ВШЭ,3 курс,1.5,-6.5,8.0
979,Мужской,Точные науки,НИУ ВШЭ,2 курс,-1.0,-1.5,2.5
980,Мужской,Точные науки,НИУ ВШЭ,1 курс,4.0,3.5,4.0
981,Мужской,Социальные науки,НИУ ВШЭ,5 курс,1.0,1.0,3.5
982,Мужской,Точные науки,НИУ ВШЭ,6 курс,-3.5,-2.5,7.5
983,Мужской,Точные науки,НИУ ВШЭ,2 курс,4.5,0.5,-3.0
984,Мужской,Социальные науки,НИУ ВШЭ,5 курс,0.5,-2.5,1.5
985,Мужской,Социальные науки,НИУ ВШЭ,3 курс,2.0,3.5,4.0
986,Мужской,Социальные науки,НИУ ВШЭ,3 курс,-0.5,3.0,0.0
987,Мужской,Точные науки,НИУ ВШЭ,1 курс,-1.0,-2.0,6.5
988,Мужской,Гуманитарные науки,НИУ ВШЭ,1 курс,0.5,-3.0,9.0
989,Мужской,Точные науки,НИУ ВШЭ,6 курс,9.0,-7.5,5.5
990,Мужской,Точные науки,НИУ ВШЭ,4 курс,0.5,-1.5,5.0
991,Мужской,Гуманитарные науки,НИУ ВШЭ,2 курс,5.5,-6.5,3.5
992,Мужской,Точные науки,НИУ ВШЭ,4 курс,-6.0,6.0,-4.0
993,Мужской,Социальные науки,НИУ ВШЭ,4 курс,-2.0,-6.5,9.5
994,Мужской,Гуманитарные науки,НИУ ВШЭ,1 курс,6.0,-3.5,-6.0
995,Мужской,Точные науки,НИУ ВШЭ,1 курс,-5.5,2.0,6.0
996,Мужской,Социальные науки,НИУ ВШЭ,1 курс,-4.0,4.0,2.0
997,Мужской,Социальные науки,НИУ ВШЭ,4 курс,6.5,-3.0,2.5
998,Мужской,Гуманитарные науки,НИУ ВШЭ,2 курс,2.5,-3.5,1.0
999,Мужской,Точные науки,НИУ ВШЭ,6 курс,-4.5,-5.0,4.5
1000,Мужской,Социальные науки,НИУ ВШЭ,3 курс,-3.0,-1.0,9.0
1001,Мужской,Точные науки,НИУ ВШЭ,1 курс,2.5,-1.0,5.5
1002,Мужской,Точные науки,НИУ ВШЭ,1 курс,1.0,5.5,3.0
1003,Мужской,Точные науки,НИУ ВШЭ,5 курс,1.0,-5.5,6.5
1004,Мужской,Точные науки,НИУ ВШЭ,4 курс,0.5,-5.0,7.0
1005,Мужской,Социальные науки,НИУ ВШЭ,2 курс,1.5,2.0,6.0
1006,Мужской,Социальные науки,НИУ ВШЭ,2 курс,0.0,-3.5,8.5
1007,Мужской,Социальные науки,НИУ ВШЭ,1 курс,6.0,0.5,8.0
1008,Мужской,Точные науки,НИУ ВШЭ,3 курс,-3.5,1.0,6.0
1009,Мужской,Социальные науки,НИУ ВШЭ,6 курс,0.5,5.5,-1.0
1010,Мужской,Социальные науки,НИУ ВШЭ,1 курс,0.0,-4.0,6.5
1011,Женский,Естественные науки,НИЯУ МИФИ,2 курс,-3.5,-5.5,8.0
1012,Женский,Точные науки,НИЯУ МИФИ,3 курс,0.0,-2.0,7.0
1013,Женский,Точные науки,НИЯУ МИФИ,2 курс,-3.0,4.0,2.0
1014,Женский,Социальные науки,НИЯУ МИФИ,2 курс,-0.5,-5.5,9.0
1015,Женский,Точные науки,НИЯУ МИФИ,2 курс,-0.5,1.5,6.0
1016,Женский,Точные науки,НИЯУ МИФИ,2 курс,0.5,0.0,7.5
1017,Женский,Точные науки,НИЯУ МИФИ,1 курс,-4.0,1.5,3.5
1018,Женский,Естественные науки,НИЯУ МИФИ,1 курс,-0.5,-0.5,5.5
1019,Женский,Точные науки,НИЯУ МИФИ,3 курс,-4.0,-1.0,4.0
1020,Женский,Точные науки,НИЯУ МИФИ,2 курс,-1.0,-1.5,6.0
1021,Женский,Точные науки,НИЯУ МИФИ,2 курс,0.5,1.0,8.0
1022,Женский,Точные науки,НИЯУ МИФИ,1 курс,-5.0,5.0,2.5
1023,Мужской,Точные науки,НИЯУ МИФИ,1 курс,-1.5,2.5,4.5
1024,Мужской,Точные науки,НИЯУ МИФИ,2 курс,-3.0,5.0,1.0
1025,Мужской,Точные науки,НИЯУ МИФИ,2 курс,-2.0,-1.0,0.5
1026,Мужской,Точные науки,НИЯУ МИФИ,1 курс,-4.5,6.5,-2.5
1027,Мужской,Точные науки,НИЯУ МИФИ,3 курс,0.0,0.5,4.0
1028,Мужской,Точные науки,НИЯУ МИФИ,1 курс,-2.0,-0.5,6.0
1029,Мужской,Точные науки,НИЯУ МИФИ,3 курс,6.5,6.5,0.0
1030,Мужской,Естественные науки,НИЯУ МИФИ,1 курс,-3.0,-4.0,7.0
1031,Мужской,Точные науки,НИЯУ МИФИ,2 курс,-3.5,3.0,1.0
1032,Мужской,Естественные науки,НИЯУ МИФИ,2 курс,-0.5,-2.5,4.0
1033,Мужской,Точные науки,НИЯУ МИФИ,3 курс,-2.5,7.0,1.0
1034,Мужской,Точные науки,НИЯУ МИФИ,1 курс,-2.0,-1.0,4.0
1035,Мужской,Точные науки,НИЯУ МИФИ,2 курс,-1.5,0.5,1.5
1036,Мужской,Точные науки,НИЯУ МИФИ,1 курс,1.5,-4.0,5.0
1037,Мужской,Точные науки,НИЯУ МИФИ,1 курс,-0.5,-5.0,-1.0
1038,Мужской,Точные науки,НИЯУ МИФИ,2 курс,-0.5,0.0,5.0
1039,Мужской,Точные науки,НИЯУ МИФИ,1 курс,-2.0,-2.0,6.5
1040,Мужской,Точные науки,НИЯУ МИФИ,2 курс,0.0,6.0,1.5
1041,Мужской,Точные науки,НИЯУ МИФИ,1 курс,1.5,-5.0,3.0
1042,Мужской,Точные науки,НИЯУ МИФИ,2 курс,-3.0,-3.0,7.0
1043,Мужской,Точные науки,НИЯУ МИФИ,1 курс,-0.5,3.0,1.5
1044,Мужской,Точные науки,НИЯУ МИФИ,1 курс,1.0,1.5,1.5
1045,Мужской,Точные науки,НИЯУ МИФИ,1 курс,-1.5,6.0,-1.5
1046,Мужской,Точные науки,НИЯУ МИФИ,1 курс,-1.0,-2.0,2.5
1047,Мужской,Точные науки,НИЯУ МИФИ,3 курс,1.5,-1.0,0.0
1048,Мужской,Естественные науки,НИЯУ МИФИ,2 курс,-4.0,0.0,5.0
1049,Мужской,Точные науки,НИЯУ МИФИ,1 курс,-2.0,2.5,0.5
1050,Мужской,Точные науки,НИЯУ МИФИ,4 курс,0.5,-1.5,4.0
1051,Мужской,Естественные науки,НИЯУ МИФИ,3 курс,-0.5,1.5,1.5
1052,Мужской,Точные науки,НИЯУ МИФИ,1 курс,-4.5,4.0,2.5
1053,Мужской,Точные науки,НИЯУ МИФИ,1 курс,1.5,-0.5,-1.5
1054,Мужской,Точные науки,НИЯУ МИФИ,1 курс,-3.5,-0.5,1.5
1055,Женский,Гуманитарные науки,ПМГМУ им. И.М. Сеченова,1 курс,1.5,-3.0,6.5
1056,Женский,Естественные науки,ПМГМУ им. И.М. Сеченова,6 курс,-3.5,4.0,5.5
1057,Мужской,Естественные науки,ПМГМУ им. И.М. Сеченова,3 курс,0.5,0.0,5.5
1058,Мужской,Естественные науки,ПМГМУ им. И.М. Сеченова,1 курс,6.5,-9.0,5.5
1059,Женский,Гуманитарные науки,РАНХиГС,6 курс,8.0,10.0,-8.0
1060,Женский,Гуманитарные науки,РАНХиГС,3 курс,0.0,2.0,3.0
1061,Женский,Гуманитарные науки,РАНХиГС,2 курс,-1.5,-1.5,-0.5
1062,Женский,Точные науки,РАНХиГС,2 курс,-1.0,2.0,2.5
1063,Женский,Точные науки,РАНХиГС,2 курс,-2.0,2.0,2.5
1064,Женский,Социальные науки,РАНХиГС,3 курс,-1.5,-1.5,7.5
1065,Женский,Социальные науки,РАНХиГС,1 курс,-3.0,-5.0,8.0
1066,Женский,Точные науки,РАНХиГС,2 курс,1.5,0.0,4.0
1067,Женский,Социальные науки,РАНХиГС,2 курс,-2.0,-3.5,6.5
1068,Женский,Социальные науки,РАНХиГС,1 курс,-8.5,-4.5,9.5
1069,Женский,Точные науки,РАНХиГС,3 курс,-1.5,1.5,2.5
1070,Женский,Социальные науки,РАНХиГС,5 курс,-2.5,-5.0,5.5
1071,Мужской,Гуманитарные науки,РАНХиГС,3 курс,-1.5,-2.0,3.5
1072,Мужской,Социальные науки,РАНХиГС,2 курс,1.5,4.5,1.0
1073,Мужской,Точные науки,РАНХиГС,2 курс,0.0,2.5,6.5
1074,Мужской,Гуманитарные науки,РАНХиГС,1 курс,6.0,-1.5,-0.5
1075,Мужской,Социальные науки,РАНХиГС,2 курс,0.0,1.5,1.5
1076,Мужской,Социальные науки,РАНХиГС,1 курс,-4.5,-0.5,2.0
1077,Мужской,Точные науки,РАНХиГС,2 курс,-3.5,-1.0,4.0
1078,Мужской,Точные науки,РАНХиГС,2 курс,-3.0,-2.5,5.0
1079,Мужской,Гуманитарные науки,РАНХиГС,2 курс,-4.5,5.0,1.5
1080,Женский,Естественные науки,РГАУ-МСХА имени К.А.Тимирязева,1 курс,0.5,-1.0,2.0
1081,Женский,Естественные науки,РГАУ-МСХА имени К.А.Тимирязева,1 курс,-1.5,-5.5,7.0
1082,Женский,Естественные науки,РГАУ-МСХА имени К.А.Тимирязева,4 курс,-4.0,3.0,2.5
1083,Женский,Естественные науки,РГАУ-МСХА имени К.А.Тимирязева,1 курс,-3.0,1.5,4.0
1084,Женский,Естественные науки,РГАУ-МСХА имени К.А.Тимирязева,1 курс,-3.0,-3.0,5.5
1085,Женский,Гуманитарные науки,РГАУ-МСХА имени К.А.Тимирязева,2 курс,0.0,-2.0,3.0
1086,Женский,Естественные науки,РГАУ-МСХА имени К.А.Тимирязева,2 курс,-3.0,-2.0,9.0
1087,Женский,Естественные науки,РГАУ-МСХА имени К.А.Тимирязева,2 курс,-1.5,0.0,6.5
1088,Женский,Точные науки,РГАУ-МСХА имени К.А.Тимирязева,4 курс,-1.0,-2.5,5.0
1089,Женский,Естественные науки,РГАУ-МСХА имени К.А.Тимирязева,3 курс,-3.5,3.0,4.0
1090,Женский,Естественные науки,РГАУ-МСХА имени К.А.Тимирязева,2 курс,-3.0,-1.5,4.0
1091,Мужской,Естественные науки,РГАУ-МСХА имени К.А.Тимирязева,3 курс,1.0,-4.5,5.5
1092,Мужской,Точные науки,РГАУ-МСХА имени К.А.Тимирязева,6 курс,-1.5,3.0,-1.0
1093,Мужской,Естественные науки,РГАУ-МСХА имени К.А.Тимирязева,3 курс,-10.0,6.5,2.5
1094,Мужской,Естественные науки,РГАУ-МСХА имени К.А.Тимирязева,3 курс,-1.0,0.5,8.0
1095,Женский,Гуманитарные науки,РГГУ,5 курс,0.5,-1.0,9.5
1096,Женский,Гуманитарные науки,РГГУ,1 курс,-1.5,-2.0,8.0
1097,Женский,Гуманитарные науки,РГГУ,4 курс,-1.0,-3.5,8.0
1098,Мужской,Социальные науки,РГГУ,5 курс,-1.5,-4.5,8.0
1099,Мужской,Гуманитарные науки,РГГУ,1 курс,-1.0,6.5,-3.0
1100,Мужской,Точные науки,РГГУ,6 курс,-2.0,0.5,4.5
1101,Мужской,Гуманитарные науки,РГГУ,2 курс,0.5,9.0,-9.5
1102,Женский,Естественные науки,РНИМУ им. Н.И. Пирогова,1 курс,-3.0,-2.0,0.0
1103,Женский,Естественные науки,РНИМУ им. Н.И. Пирогова,5 курс,-4.0,-1.0,3.5
1104,Женский,Естественные науки,РНИМУ им. Н.И. Пирогова,5 курс,-3.0,0.0,5.0
1105,Женский,Естественные науки,РНИМУ им. Н.И. Пирогова,6 курс,-7.5,3.0,5.0
1106,Женский,Естественные науки,РНИМУ им. Н.И. Пирогова,4 курс,-2.0,1.0,7.0
1107,Мужской,Естественные науки,РНИМУ им. Н.И. Пирогова,5 курс,-5.5,2.5,7.0
1108,Мужской,Естественные науки,РНИМУ им. Н.И. Пирогова,5 курс,5.0,-6.5,8.5
1109,Мужской,Естественные науки,РНИМУ им. Н.И. Пирогова,5 курс,-10.0,0.5,1.0
1110,Мужской,Естественные науки,РНИМУ им. Н.И. Пирогова,1 курс,-5.5,4.0,2.5
1111,Женский,Точные науки,РТУ МИРЭА,1 курс,-1.0,1.5,1.5
1112,Женский,Естественные науки,РТУ МИРЭА,4 курс,2.0,3.0,-0.5
1113,Женский,Естественные науки,РТУ МИРЭА,2 курс,-3.5,-7.0,7.5
1114,Женский,Гуманитарные науки,РТУ МИРЭА,1 курс,-3.5,0.5,5.5
1115,Мужской,Естественные науки,РТУ МИРЭА,1 курс,0.5,3.5,2.5
1116,Мужской,Точные науки,РТУ МИРЭА,1 курс,4.5,5.0,-8.0
1117,Мужской,Точные науки,РТУ МИРЭА,1 курс,-3.0,4.0,4.5
1118,Мужской,Естественные науки,РТУ МИРЭА,1 курс,1.0,-4.0,6.5
